Pers K,Pers i,Mot i,Mot K,Zip,Long,Lat,Ped i,Time,Cyc i
0,1,1,0,1.1,0.3113915,0.2451858,0,0.605,0
0,1,1,0,0.001,0.2479723,0.2170345,0,1.829,0
0,0,0,0,0.451,0.3220147,0.3397651,0,0.543,0
0,0,0,0,0.451,0.3125407,0.3349845,0,2.21,0
0,0,0,0,0.127,0.2892246,0.2796436,0,1.1,0
0,2,2,0,0.454,0.3250299,0.3145884,0,0.9,0
0,0,0,0,0.127,0.294217,0.2824603,0,1.535,0
0,1,1,0,0.012,0.2419335,0.2193238,0,1.832,0
0,2,2,0,0.032,0.3109161,0.3470101,0,1.004,0
0,4,4,0,1.373,0.3820402,0.2107351,0,1.33,0
0,0,0,0,0.033,0.3247357,0.3625799,0,1.83,0
0,0,0,0,1.363,0.4677246,0.2451802,0,1.045,0
0,7,7,0,0.456,0.3357553,0.3472862,0,1.957,0
0,0,0,0,0.467,0.3418448,0.3563111,0,2.03,0
0,1,1,0,1.356,0.4424677,0.2818858,0,1.447,0
0,0,0,0,1.353,0.4094518,0.2585698,0,1.72,0
0,0,0,0,1.384,0.3428963,0.2085721,0,1.7,0
0,0,0,0,0.064,0.2706156,0.2656598,0,0.845,0
0,2,2,0,1.434,0.439688,0.1934353,0,0.851,0
0,1,1,0,1.366,0.4269988,0.2326901,0,0.525,0
0,0,0,0,1.354,0.4341206,0.2598487,0,1.93,0
0,0,0,0,1.364,0.4315574,0.2394924,0,1.9,0
0,0,0,0,0.012,0.2382684,0.2163402,0,1.73,0
0,0,0,0,0.027,0.2843295,0.2758001,0,0.73,0
0,0,0,0,0.023,0.2696274,0.2853755,0,1.62,0
0,0,0,0,1.209,0.2939062,0.120673,0,1.72,0
0,0,0,0,1.211,0.3190737,0.1662552,0,1.74,0
0,0,0,0,0.035,0.2441285,0.2644201,0,1.63,0
0,1,1,0,1.206,0.3412915,0.1700946,0,1.43,0
0,0,0,0,1.221,0.3055926,0.2194653,0,0.505,0
0,0,0,0,0.029,0.2957427,0.316066,0,0.13,0
0,3,3,0,1.225,0.2857889,0.1512039,0,0.811,0
0,0,0,0,1.692,0.4201603,0.1137613,0,0.81,0
0,0,0,0,0.064,0.2751934,0.2661801,0,1.115,0
0,0,0,0,0.018,0.2522946,0.266706,0,1.115,0
0,0,0,0,0.023,0.262403,0.2901337,0,0.938,0
0,2,2,0,1.215,0.2865288,0.1690145,0,1.238,0
0,0,0,0,1.214,0.2517858,0.171559,0,2.1,0
0,0,0,0,0.012,0.2463706,0.21617,0,1.915,0
0,0,0,0,0,0.2530856,0.2474021,0,1.4,0
0,0,0,0,0.018,0.2547843,0.2599262,0,0.001,0
0,1,1,0,1.353,0.4298432,0.2637588,0,0.73,0
0,0,0,0,0.027,0.2895615,0.2760836,0,2.25,0
0,1,1,0,1.235,0.3341856,0.1487845,0,1.83,0
0,0,0,0,0.023,0.2715005,0.2828664,0,0.504,0
0,0,0,0,0.012,0.2379722,0.2223403,0,1.758,0
0,0,0,0,0.009,0.2579884,0.2396805,0,1.501,0
0,0,0,0,0.02,0.2782514,0.2732579,0,1.75,0
0,1,1,0,0.308,0.02979,0.0369922,0,1.8,0
1,1,1,0,0.074,0.279675,0.2752089,0,1.403,0
0,2,2,0,1.354,0.4159548,0.2482371,0,1.135,0
0,0,0,0,1.356,0.4315718,0.2914175,0,1.23,0
0,0,0,0,1.353,0.4326639,0.262961,0,2,0
0,0,0,0,1.211,0.3316782,0.1547427,0,0.847,0
0,1,1,0,1.431,0.4419422,0.2091424,0,1.554,0
0,1,1,0,0.127,0.2952077,0.2795806,0,0.102,0
0,1,1,0,0.46,0.4107465,0.3505767,0,0.505,0
0,0,0,0,1.384,0.3473122,0.2046239,0,0.5,0
0,0,0,0,0.074,0.2817872,0.2752109,0,1.335,0
0,3,3,0,0.024,0.2779384,0.3018608,0,1.135,0
0,1,1,0,0.024,0.2719508,0.2885643,0,1.135,0
0,0,0,0,1.211,0.3310885,0.1530688,0,2.23,0
0,0,0,0,1.236,0.3285083,0.2032014,0,0.12,0
0,0,0,0,1.384,0.3830531,0.2018656,0,1.855,0
0,0,0,0,1.384,0.3280247,0.2085431,0,2.31,0
0,2,2,0,1.374,0.3966382,0.2231914,0,0.845,0
0,0,0,0,0.064,0.286643,0.2638075,0,1.212,0
0,1,1,0,0.311,0.0609702,0.034814,0,0.125,0
0,0,0,0,0.024,0.2789296,0.2981304,0,1.93,0
0,0,0,0,0.015,0.2572744,0.2415965,0,1.71,0
0,1,1,0,0.02,0.2875536,0.265056,0,1.45,0
0,0,0,0,0.453,0.3225742,0.3064493,0,1.655,0
0,0,0,0,1.431,0.4356635,0.2045804,0,1.414,0
0,0,0,0,0.281,0.2268003,0.2170145,0,0.805,0
0,0,0,0,0.018,0.264604,0.2632129,0,1.455,0
0,0,0,0,0.473,0.3559266,0.321314,0,1.346,0
0,1,1,0,1.384,0.3415985,0.1993893,0,2.308,0
0,0,0,0,1.378,0.3763256,0.2191711,0,2.025,0
0,0,0,0,1.384,0.3455298,0.1995422,0,1.408,0
0,0,0,0,1.384,0.3398703,0.1964813,0,1.64,0
0,0,0,0,1.384,0.3306396,0.2111047,0,0.63,0
0,0,0,0,1.363,0.471448,0.2480081,0,0.003,0
0,0,0,0,0.004,0.2346694,0.2052649,0,0.64,0
0,3,3,0,1.101,0.3144964,0.2694173,0,1.308,0
0,0,0,0,0.018,0.2678307,0.2618563,0,2.035,0
0,1,1,0,1.432,0.4522609,0.1997122,0,1.245,0
0,0,0,0,0.015,0.2572396,0.2473275,0,0.136,0
0,1,1,0,1.354,0.4245963,0.2395064,0,1.62,0
0,0,0,0,1.411,0.4789703,0.2056741,0,0.52,0
0,0,0,0,1.372,0.3702356,0.2301681,0,1.001,0
0,0,0,0,1.211,0.3327353,0.1582277,0,0.92,0
0,0,0,0,0.311,0.0600808,0.0615608,0,0.3,0
0,2,2,0,0,0.2535621,0.2480196,0,2.33,0
0,2,2,0,1.234,0.3068662,0.0829227,0,1.31,0
0,0,0,0,1.378,0.3626002,0.2238991,0,0.7,0
0,1,1,0,1.354,0.4309107,0.2570379,0,0.11,0
0,0,0,0,0.027,0.2900566,0.276764,0,1.109,0
0,2,2,0,1.355,0.3994907,0.2805802,0,1.825,0
0,3,3,0,0.452,0.3333882,0.3502085,0,0.345,0
0,0,0,0,1.371,0.3691083,0.2539197,0,1.92,0
0,0,0,0,0.008,0.2592758,0.2221688,0,0.4,0
0,1,1,0,1.218,0.2402798,0.1248734,0,1.135,0
0,0,0,0,0.462,0.3386688,0.3747308,0,1.518,0
0,0,0,0,1.363,0.4874544,0.2519001,0,1.15,0
0,0,0,0,0.001,0.2489032,0.2188625,0,0.005,0
0,0,0,0,0.016,0.2719126,0.2518891,0,1.605,0
0,0,0,0,0.02,0.2821559,0.2699546,0,1.545,0
0,0,0,0,0.021,0.2774858,0.2594905,0,1.655,0
0,0,0,0,0.024,0.274784,0.2924473,0,0.555,0
0,0,0,0,0.023,0.2648945,0.2890765,0,1.015,0
0,0,0,0,0.033,0.320568,0.3602004,0,2.037,0
0,7,7,0,1.232,0.3310451,0.177168,0,1.83,0
0,2,2,0,1.2,0.2608714,0.1877931,0,2.23,0
0,0,0,0,1.2,0.2594092,0.1948419,0,2.215,0
0,2,2,0,1.205,0.3017222,0.2079916,0,0.63,0
0,1,1,0,1.384,0.3563435,0.2024771,0,1.82,0
0,2,2,0,1.355,0.3995774,0.2821172,0,1.4,0
0,1,1,0,1.692,0.42275,0.1084598,0,2.2,0
0,0,0,0,0.035,0.2571807,0.2580897,0,0.418,0
0,0,0,0,1.412,0.484169,0.1653424,0,2.14,0
0,1,1,0,1.416,0.3984965,0.1742029,0,0.53,0
0,0,0,0,0.453,0.3314974,0.3043814,0,1.655,0
0,0,0,0,1.69,0.4876667,0.1069971,0,1.407,0
0,2,1,0,0.015,0.258626,0.2492322,0,1.43,1
0,4,4,0,0.127,0.2878407,0.283506,0,1.8,0
0,0,0,0,0.074,0.2787139,0.2738917,0,1.748,0
0,1,1,0,1.206,0.3441824,0.1770006,0,1.534,0
0,0,0,0,0.021,0.2703904,0.2624787,0,1.915,0
0,0,0,0,1.2,0.2626324,0.1923793,0,0.6,0
0,0,0,0,1.373,0.3820402,0.2107351,0,2.102,0
0,0,0,0,1.427,0.497352,0.2238985,0,1.91,0
0,0,0,0,0.305,0.1191572,0.0743723,0,0.9,0
0,0,0,0,0.035,0.2566971,0.2582956,0,0.615,0
0,0,0,0,1.228,0.2863227,0.0978285,0,1.415,0
0,1,1,0,0.021,0.2680354,0.2592542,0,1.725,0
0,1,1,0,0.021,0.272667,0.2598185,0,0.62,0
0,0,0,0,0.018,0.2474538,0.2703541,0,0.615,0
0,0,0,0,0.023,0.2682039,0.2834271,0,0.645,0
0,0,0,0,0.452,0.3353468,0.3549964,0,2.315,0
0,0,0,0,0.472,0.3623959,0.3203221,0,0.243,0
0,1,1,0,0.039,0.3099832,0.3571633,0,0.43,0
0,0,0,0,1.384,0.3318839,0.2030149,0,0.437,0
0,0,0,0,1.378,0.3712495,0.2227506,0,0.13,0
0,0,0,0,1.229,0.2713285,0.1230608,0,0.035,0
0,0,0,0,0.461,0.3823606,0.3455481,0,2.2,0
0,0,0,0,0.462,0.3321216,0.3784057,0,1.63,0
0,0,0,0,0.47,0.3410154,0.4109696,0,2.32,0
0,2,2,0,0.002,0.2475009,0.2310548,0,1.65,0
0,0,0,0,0.013,0.2364854,0.2274948,0,1.655,0
0,0,0,0,0.467,0.3537954,0.381727,0,1.8,0
0,0,0,0,0.466,0.370202,0.3775353,0,1.633,0
0,2,2,0,0.467,0.3368674,0.3616401,0,1.63,0
0,0,0,0,0.466,0.3697402,0.3649376,0,1.23,0
0,0,0,0,1.223,0.2655886,0.0787172,0,1.5,0
0,5,5,0,0.013,0.2311275,0.2280023,0,1.255,0
0,0,0,0,0.013,0.2315849,0.2327343,0,1.045,0
0,0,0,0,1.234,0.2924545,0.087404,0,1.615,0
0,0,0,0,1.222,0.2771624,0.0922131,0,1.6,0
0,0,0,0,1.222,0.2807719,0.0950501,0,1.137,0
0,0,0,0,1.228,0.2903957,0.0982715,0,1.3,0
1,1,1,1,1.235,0.3223392,0.139129,0,0.43,0
0,0,0,0,0.001,0.2611808,0.2104237,0,0.05,0
0,0,0,0,0.001,0.2627368,0.214557,0,1.345,0
0,0,0,0,1.217,0.2571278,0.1376246,0,0.63,0
0,0,0,0,0.001,0.2536,0.2174458,0,1.92,0
0,0,0,0,1.218,0.2432555,0.1277362,0,1.23,0
0,0,0,0,1.217,0.2695307,0.1399526,0,0.115,0
0,0,0,0,1.218,0.2494898,0.1440674,0,0.815,0
0,0,0,0,1.217,0.2681578,0.1398047,0,0.11,0
0,2,2,0,1.203,0.2523115,0.1222598,0,0.9,0
0,0,0,0,0.001,0.2536,0.2174458,0,0.9,0
0,0,0,0,1.217,0.2677048,0.1421956,0,1.505,0
0,1,1,0,1.229,0.2713285,0.1230608,0,1.6,0
0,2,2,0,0.001,0.2663489,0.2178363,0,0.642,0
0,0,0,0,1.203,0.2633469,0.1155967,0,0.822,0
0,0,0,0,1.202,0.3046543,0.1503113,0,0.3,0
0,0,0,0,0.001,0.255216,0.2168939,0,1.6,0
0,6,6,0,1.202,0.3027478,0.1502163,0,0.8,0
0,2,2,0,1.218,0.2358737,0.1275329,0,1.125,0
0,0,0,0,1.208,0.2155867,0.1203826,0,1.633,0
0,1,1,0,1.219,0.2188885,0.1349966,0,1.9,0
0,0,0,0,1.208,0.2131231,0.1281855,0,1.8,0
0,0,0,0,1.208,0.2155374,0.1268109,0,1.614,0
0,0,0,0,1.227,0.224107,0.1162149,0,1.75,0
0,1,1,0,1.208,0.2200645,0.1305777,0,0.005,0
0,0,0,0,1.227,0.2286346,0.1171268,0,2.04,0
0,0,0,0,1.219,0.2314709,0.1301923,0,2.315,0
0,0,0,0,1.235,0.3441914,0.1523443,0,0.624,0
0,1,1,0,1.235,0.3409608,0.1367897,0,0.819,0
0,0,0,0,1.225,0.2776522,0.1528838,0,1.445,0
0,0,0,0,1.229,0.2746149,0.1325925,0,0.837,0
0,0,0,0,0.002,0.2545508,0.2280762,0,0.431,0
0,0,0,0,1.224,0.2882597,0.1595389,0,2.05,0
0,0,0,0,1.202,0.3044592,0.1612851,0,1.75,0
0,1,1,0,1.214,0.251164,0.1594683,0,1.224,0
0,5,5,0,1.219,0.2231487,0.1426471,0,1.202,0
0,0,0,0,1.231,0.2266172,0.1496633,0,1.04,0
0,0,0,0,1.231,0.2435157,0.1622381,0,0.72,0
0,0,0,0,1.219,0.2256325,0.1383711,0,0.815,0
0,0,0,0,1.231,0.2373815,0.1531995,0,0.83,0
0,0,0,0,1.219,0.2277998,0.14713,0,0.65,0
0,0,0,0,1.232,0.3337101,0.1750799,0,0.815,0
0,0,0,0,0.008,0.2582637,0.2288964,0,0.63,0
0,2,2,0,1.206,0.3391784,0.1795549,0,0.42,0
0,1,1,0,1.215,0.2912978,0.1687546,0,0.836,0
0,1,1,0,1.215,0.2888131,0.177613,0,1.65,0
0,0,0,0,1.214,0.2647419,0.1712085,0,1.945,0
0,0,0,0,1.214,0.2571001,0.1740643,0,0.63,0
0,1,1,0,1.204,0.2838397,0.1977094,0,1.93,0
0,0,0,0,1.237,0.2865061,0.1780942,0,1.82,0
0,0,0,0,1.232,0.3195215,0.1793667,0,1.81,0
0,0,0,0,0.01,0.2410963,0.2411446,0,1.605,0
0,2,2,0,1.2,0.2470909,0.2018835,0,1.75,0
0,4,4,0,1.2,0.2520625,0.189249,0,2,0
0,0,0,0,0.017,0.2435903,0.2547586,0,1.41,0
0,0,0,0,1.2,0.2567048,0.1961214,0,0.03,0
0,1,1,0,1.237,0.2791567,0.1814839,0,1.045,0
0,0,0,0,1.237,0.2773784,0.1800105,0,0.72,0
0,0,0,0,1.21,0.2867002,0.2094778,0,0.9,0
0,0,0,0,1.205,0.3048201,0.2075672,0,2.133,0
0,0,0,0,1.221,0.3025646,0.2221157,0,1.92,0
0,0,0,0,1.221,0.2903181,0.2293539,0,1.65,0
0,0,0,0,1.21,0.2834798,0.2161708,0,2.338,0
0,0,0,0,1.221,0.2830239,0.2257804,0,1.334,0
0,0,0,0,1.221,0.2895413,0.2328785,0,2.225,0
0,0,0,0,1.69,0.483866,0.0997424,0,1.65,0
0,4,4,0,1.42,0.3896361,0.1925525,0,1.51,0
0,0,0,0,1.418,0.4178854,0.1894331,0,0.638,0
0,0,0,0,1.42,0.3917299,0.1887318,0,2,0
0,0,0,0,1.417,0.4113284,0.1959728,0,1.43,0
0,0,0,0,1.417,0.3947975,0.1977142,0,1.82,0
0,0,0,0,1.432,0.4460774,0.1979036,0,0.945,0
0,0,0,0,1.422,0.4757505,0.2121721,0,0.8,0
0,2,2,0,1.432,0.4532027,0.2009923,0,2.343,0
0,0,0,0,1.422,0.4845445,0.2170286,0,1.62,0
0,2,2,0,1.422,0.4744659,0.2161793,0,1.93,0
0,0,0,0,1.422,0.4806599,0.2192188,0,1.53,0
0,0,0,0,1.418,0.4319185,0.1902644,0,0.715,0
0,0,0,0,1.422,0.46777,0.2085622,0,0.03,0
0,1,1,0,0.01,0.2331858,0.2421022,0,0.623,0
0,0,0,0,1.378,0.3424463,0.2115369,0,1.439,0
0,0,0,0,1.384,0.3806353,0.2081787,0,0.84,0
0,0,0,0,1.421,0.497582,0.157864,0,1.313,0
0,0,0,0,1.413,0.4023363,0.1563895,0,1.23,0
0,0,0,0,1.366,0.4164842,0.2161666,0,0.6,0
0,0,0,0,1.366,0.4311059,0.2253796,0,1.83,0
0,0,0,0,1.374,0.4154185,0.2142002,0,1.8,0
0,0,0,0,1.434,0.4273607,0.2032931,0,1.81,0
0,0,0,0,1.434,0.4243749,0.2113757,0,1.13,0
0,1,1,0,1.431,0.4662904,0.2179851,0,0.85,0
0,2,2,0,1.366,0.4271055,0.2360303,0,1.13,0
0,0,0,0,1.431,0.4411417,0.2080459,0,1.124,0
0,0,0,0,1.431,0.4487608,0.2095997,0,1.3,0
0,0,0,0,1.431,0.4326215,0.2103605,0,1.1,0
0,0,0,0,1.434,0.4235812,0.21528,0,1.326,0
0,0,0,0,1.434,0.42496,0.207716,0,0.92,0
0,0,0,0,1.431,0.4515847,0.2106075,0,0.5,0
0,0,0,0,1.1,0.3072239,0.2385652,0,0.227,0
0,2,2,0,1.376,0.3459488,0.2391625,0,0.415,0
0,0,0,0,1.355,0.3973989,0.2754998,0,2.35,0
0,0,0,0,1.372,0.3655197,0.2437598,0,1.928,0
0,1,1,0,1.372,0.3714306,0.2323873,0,1.51,0
0,0,0,0,0,0.2527889,0.2426867,0,1.42,0
0,1,1,0,1.363,0.4844478,0.2400052,0,2.24,0
0,0,0,0,1.372,0.3717551,0.2452077,0,2.25,0
0,0,0,0,1.361,0.510128,0.267975,0,1.04,0
0,0,0,0,1.36,0.4673248,0.2709926,0,0.84,0
0,0,0,0,1.362,0.4975177,0.2642488,0,1.1,0
0,1,1,0,1.362,0.4848172,0.26115,0,0.7,0
0,0,0,0,1.361,0.5099458,0.2478179,0,0.34,0
0,0,0,0,1.357,0.449342,0.2676668,0,0.91,0
0,0,0,0,1.374,0.3961288,0.2072999,0,0.61,0
0,0,0,0,1.374,0.3978221,0.2203435,0,0.707,0
0,0,0,0,1.411,0.4798212,0.19348,0,2.33,0
0,0,0,0,1.368,0.3735072,0.2607025,0,0.85,0
0,2,2,0,1.433,0.4521734,0.1868284,0,1.63,0
0,1,1,0,1.432,0.4603367,0.1933595,0,1.33,0
0,0,0,0,1.412,0.485085,0.1674512,0,1,0
0,2,2,0,0.015,0.2604585,0.2459684,0,1.93,0
0,1,1,0,0.016,0.2618648,0.2536727,0,1.8,0
0,0,0,0,0.453,0.3171521,0.3096177,0,2.025,0
0,2,2,0,0.467,0.3440632,0.3602424,0,2.222,0
0,2,2,0,1.233,0.3235575,0.1276605,0,1.434,0
0,1,1,0,1.225,0.2857889,0.1512039,0,2.253,0
0,1,1,0,1.216,0.270405,0.1789722,0,1.955,0
0,0,0,0,1.364,0.4335606,0.2408999,0,1.83,0
0,0,0,0,0.074,0.2850034,0.2738566,0,2.045,0
0,0,0,0,0.032,0.3099497,0.3456932,0,2.355,0
0,1,0,0,0.452,0.3372789,0.3562162,1,1.055,0
0,1,1,0,1.377,0.3311546,0.2212626,0,0.14,0
0,0,0,0,1.384,0.3511769,0.1903256,0,1.8,0
0,0,0,0,1.377,0.3414718,0.2255909,0,1.735,0
0,0,0,0,0.02,0.2876865,0.2692801,0,1.3,0
0,0,0,0,1.229,0.2722341,0.1182873,0,1.817,0
0,2,2,0,1.357,0.4357281,0.2577847,0,2.35,0
0,0,0,0,0.012,0.2335674,0.2208579,0,1.82,0
0,0,0,0,0.035,0.2590896,0.2556603,0,0.55,0
0,0,0,0,1.69,0.4933073,0.1100343,0,0.615,0
0,0,0,0,1.384,0.3398703,0.1964813,0,0.83,0
0,0,0,0,0.029,0.2979556,0.322537,0,0.715,0
0,0,0,0,0.064,0.2731284,0.2662328,0,1.13,0
0,0,0,0,0.028,0.2946247,0.295687,0,1.7,0
0,2,2,0,0.039,0.3132016,0.3615034,0,0.45,0
0,0,0,0,0.027,0.2873163,0.2770287,0,1.918,0
0,0,0,0,0.46,0.3962408,0.3366073,0,1.022,0
0,1,1,0,1.427,0.4985347,0.2227842,0,1.6,0
0,0,0,0,0.452,0.3211029,0.35103,0,1.045,0
0,0,0,0,1.384,0.3550315,0.1987153,0,0.413,0
0,0,0,0,1.384,0.3435559,0.2034965,0,1.51,0
0,4,4,0,1.233,0.3245368,0.1184373,0,0.52,0
0,0,0,0,1.219,0.2351775,0.1372055,0,1.559,0
0,0,0,0,0.012,0.2296317,0.2192079,0,2.2,0
0,0,0,0,0.064,0.2754412,0.2636219,0,1.94,0
0,0,0,0,0.033,0.3237868,0.3612851,0,1.917,0
0,0,0,0,1.372,0.3683833,0.2332662,0,1.84,0
0,1,1,0,0.455,0.3330507,0.3176482,0,2.04,0
0,1,0,0,0.467,0.3429611,0.3581985,0,1.73,1
0,0,0,0,0.023,0.2705777,0.2866818,0,1.43,0
0,1,0,0,0.456,0.3371118,0.345534,1,0.7,0
0,1,1,0,0.459,0.3570521,0.3411572,0,1.325,0
0,0,0,0,0.018,0.2474538,0.2703541,0,1.215,0
0,0,0,0,0.038,0.3031077,0.326141,0,1.717,0
0,0,0,0,0.032,0.3109161,0.3470101,0,1.407,0
0,0,0,0,1.234,0.2947569,0.080486,0,2.13,0
0,0,0,0,1.384,0.3411027,0.2006605,0,1.015,0
0,0,0,0,1.217,0.2588075,0.1402155,0,2.052,0
0,0,0,0,0.064,0.2783745,0.2607473,0,1.425,0
0,0,0,0,1.421,0.5032338,0.1652869,0,1.808,0
0,0,0,0,1.363,0.4873338,0.2465947,0,2,0
0,1,1,0,1.233,0.3169777,0.1072327,0,1.63,0
0,3,3,0,1.233,0.3141875,0.1247133,0,2.04,0
0,1,1,0,1.235,0.3236642,0.1500469,0,2.214,0
0,0,0,0,0.027,0.284792,0.276434,0,1.25,0
0,0,0,0,0.467,0.3446578,0.3613342,0,0.83,0
0,0,0,0,0.018,0.258069,0.2593466,0,1.6,0
0,5,5,0,1.206,0.3541621,0.1792942,0,0.9,0
0,1,0,0,1.69,0.4851474,0.1045101,1,1.84,0
0,0,0,0,1.427,0.4924444,0.2140336,0,1.735,0
0,0,0,0,0,0.2526344,0.2467846,0,1.6,0
0,0,0,0,0.015,0.2701798,0.2427633,0,1.115,0
0,1,1,0,0.029,0.2981003,0.3141957,0,1.65,0
0,0,0,0,1.233,0.3480879,0.0826175,0,2.01,0
0,0,0,0,0.311,0.0748439,0.0400419,0,1.82,0
0,0,0,0,0.015,0.2668641,0.2449681,0,1.33,0
0,0,0,0,1.223,0.2491761,0.0769984,0,0.221,0
0,3,3,0,0.015,0.2650638,0.2465192,0,1.92,0
0,0,0,0,0.018,0.2622854,0.2600376,0,0.42,0
0,1,0,0,1.215,0.2918865,0.1749849,0,1.73,1
0,1,1,0,1.691,0.4384672,0.0913009,0,2.325,0
0,0,0,0,0.024,0.2691092,0.2897617,0,2.12,0
0,1,1,0,0.456,0.3390241,0.3506842,0,0.008,0
0,1,1,0,1.367,0.3709568,0.2504346,0,0.83,0
0,0,0,0,0.024,0.2727964,0.297361,0,1.007,0
0,0,0,0,0.032,0.3080691,0.3482112,0,0.421,0
0,1,1,0,0.304,0.1740513,0.115167,0,2,0
0,1,1,0,0.453,0.3238476,0.3050129,0,1.04,0
0,1,1,0,0.301,0.0959611,0.1334654,0,1.609,0
0,3,3,0,0.313,0.1085652,0.1112671,0,1.715,0
0,1,1,0,0.309,0.1227917,0.1275977,0,1.015,0
0,0,0,0,0.451,0.3192408,0.3381613,0,1.038,0
0,0,0,0,0.3,0.1653528,0.1338865,0,2.115,0
0,0,0,0,0.307,0.0909285,0.0534699,0,1.53,0
0,0,0,0,0.313,0.0740164,0.093076,0,0.845,0
0,0,0,0,0.313,0.077366,0.1058578,0,1.522,0
0,0,0,0,0.305,0.1269803,0.0780666,0,0.8,0
0,0,0,0,1.204,0.2832214,0.1894369,0,0.336,0
0,0,0,0,0.313,0.0902841,0.0885038,0,1.427,0
0,0,0,0,1.696,0.3183512,0.0549268,0,1.63,0
0,0,0,0,0.303,0.1443118,0.109151,0,2.15,0
0,2,2,0,0.305,0.141408,0.0785797,0,2,0
0,0,0,0,1.422,0.4774782,0.2111091,0,0.705,0
0,0,0,0,0.313,0.124375,0.1081799,0,1.1,0
0,3,3,0,0.016,0.2634521,0.2513009,0,1.73,0
0,1,1,0,0.127,0.2975216,0.2744963,0,0.711,0
0,0,0,0,0.029,0.2943595,0.3166513,0,1.225,0
0,0,0,0,0.455,0.3330905,0.3229565,0,0.8,0
0,1,1,0,0.455,0.3259303,0.3352829,0,1.6,0
0,0,0,0,0.012,0.2325941,0.2150773,0,1.61,0
0,1,1,0,1.217,0.2710611,0.1376851,0,1.624,0
0,0,0,0,1.216,0.2561109,0.1845495,0,1.035,0
0,2,2,0,1.412,0.4853738,0.1695229,0,2.3,0
0,0,0,0,0.032,0.3080858,0.3431362,0,0,0
0,0,0,0,1.217,0.2555067,0.139516,0,1.15,0
0,1,1,0,0.016,0.2641234,0.2510098,0,2.02,0
0,1,0,0,1.223,0.2655886,0.0787172,1,1.5,0
0,0,0,0,0.013,0.2362546,0.2260456,0,1.829,0
0,1,1,0,1.233,0.3149221,0.1178399,0,0.64,0
0,4,4,0,0.462,0.3370904,0.373508,0,1.755,0
0,0,0,0,1.372,0.3641298,0.2356423,0,1.84,0
0,1,1,0,1.231,0.2433351,0.1450503,0,0.45,0
0,0,0,0,0.064,0.2783745,0.2607473,0,1.905,0
0,0,0,0,1.203,0.267217,0.1105043,0,0.145,0
0,0,0,0,1.225,0.277146,0.1497769,0,2.215,0
0,0,0,0,0.015,0.2606924,0.2433883,0,1.615,0
0,0,0,0,1.361,0.5050391,0.254639,0,0.3,0
0,1,1,0,1.363,0.4852739,0.2359796,0,1.4,0
0,5,5,0,0.464,0.4153427,0.3554939,0,1.83,0
0,0,0,0,1.104,0.3295898,0.2794964,0,1.63,0
0,0,0,0,0.035,0.2600068,0.2569118,0,1.43,0
0,0,0,0,0.074,0.2850034,0.2738566,0,1.3,0
0,0,0,0,0.021,0.2774858,0.2594905,0,1.32,0
0,1,1,0,0.039,0.312911,0.3635539,0,0.329,0
0,0,0,0,0.474,0.4079408,0.3749126,0,1.115,0
0,0,0,0,0.021,0.2733194,0.2578394,0,1.745,0
0,0,0,0,1.212,0.3003379,0.1760898,0,0.858,0
0,0,0,0,1.212,0.3112703,0.1739291,0,0.725,0
0,0,0,0,0.45,0.3168568,0.3264018,0,1.8,0
0,0,0,0,0.021,0.2733194,0.2578394,0,1.745,0
0,3,3,0,1.232,0.3191686,0.1672625,0,0.7,0
0,1,1,0,1.212,0.3003379,0.1760898,0,0.82,0
0,3,3,0,0.127,0.2892246,0.2796436,0,1.525,0
0,0,0,0,1.357,0.4557521,0.2514281,0,0.245,0
0,0,0,0,0.027,0.2900566,0.276764,0,1.42,0
0,2,2,0,0.451,0.3188246,0.3375742,0,1.015,0
0,1,1,0,0.456,0.334412,0.3456734,0,0.63,0
0,0,0,0,0.017,0.2453916,0.2572288,0,0.005,0
0,0,0,0,0.032,0.3051388,0.3493381,0,1.034,0
0,0,0,0,1.21,0.2882189,0.2096062,0,0.04,0
0,0,0,0,0.035,0.2576815,0.2537309,0,1.521,0
0,0,0,0,1.237,0.2780903,0.1764174,0,1.656,0
0,2,2,0,1.41,0.4969522,0.1920298,0,2.01,0
0,0,0,0,0.064,0.2812008,0.2603758,0,2.055,0
0,7,2,0,0,0.2540314,0.2486783,5,2.154,0
0,0,0,0,0.127,0.2892246,0.2796436,0,1.72,0
0,0,0,0,1.354,0.4064208,0.253167,0,1.543,0
0,0,0,0,1.354,0.4244899,0.2506915,0,1.1,0
0,2,2,0,0.452,0.3205402,0.3489115,0,1.93,0
0,0,0,0,1.433,0.4679718,0.1585409,0,1.417,0
0,0,0,0,1.355,0.398588,0.2805787,0,1.215,0
0,0,0,0,0.127,0.2892246,0.2796436,0,2.05,0
0,0,0,0,0.015,0.2604585,0.2459684,0,1.04,0
0,0,0,0,0.127,0.2965886,0.2814601,0,0.14,0
0,0,0,0,1.372,0.3714306,0.2323873,0,1.84,0
0,1,1,0,0.452,0.3358001,0.3483429,0,1.435,0
0,0,0,0,0.064,0.2806505,0.2638783,0,1.725,0
0,1,1,0,0.455,0.3372948,0.3295157,0,1.349,0
0,0,0,0,1.215,0.2915485,0.1714196,0,0.838,0
0,0,0,0,0.467,0.3413479,0.3624652,0,1.33,0
0,0,0,0,1.69,0.4887522,0.096677,0,0.623,0
0,0,0,0,0.451,0.3183109,0.3308638,0,1.1,0
0,0,0,0,0.01,0.2422438,0.2325014,0,0.03,0
0,0,0,0,0.021,0.2774858,0.2594905,0,1.12,0
0,0,0,0,0.462,0.3371237,0.3715098,0,2.044,0
0,0,0,0,1.357,0.4387278,0.2590175,0,1.31,0
0,0,0,0,0.304,0.1534352,0.0896429,0,1.83,0
0,2,2,0,0.021,0.2737745,0.2584678,0,0.424,0
0,0,0,0,0.01,0.2378304,0.2417539,0,0.33,0
0,0,0,0,0.033,0.3196589,0.3680371,0,0.317,0
0,0,0,0,0.46,0.4088931,0.3379977,0,2,0
0,0,0,0,1.234,0.287361,0.078491,0,0.21,0
0,0,0,0,0.127,0.291918,0.2793268,0,0.9,0
0,0,0,0,0.033,0.323234,0.3703677,0,1.708,0
0,0,0,0,0.457,0.3529152,0.3592708,0,1.652,0
0,0,0,0,0.467,0.3437618,0.361722,0,1.945,0
0,0,0,0,1.233,0.3129327,0.1269978,0,2.13,0
0,0,0,0,1.374,0.4007667,0.2251867,0,2,0
0,0,0,0,0.033,0.311947,0.3648555,0,0.82,0
0,0,0,0,0.023,0.2710366,0.2873102,0,0.91,0
0,0,0,0,1.233,0.3189935,0.1250204,0,1.45,0
0,0,0,0,1.233,0.3151717,0.1155012,0,0.33,0
0,0,0,0,1.209,0.3033781,0.1264049,0,0.61,0
0,0,0,0,1.233,0.301728,0.1142272,0,1.61,0
0,0,0,0,1.359,0.4593549,0.2748561,0,0.43,0
0,1,1,0,0.451,0.321495,0.334287,0,2.021,0
0,0,0,0,1.215,0.2921226,0.1773453,0,0.615,0
0,4,4,0,1.434,0.4373591,0.2010231,0,2.015,0
0,0,0,0,1.354,0.4198809,0.2520628,0,2.045,0
0,0,0,0,1.222,0.2595221,0.0902711,0,1.225,0
0,0,0,0,1.222,0.2595221,0.0902711,0,1.225,0
0,1,1,0,1.207,0.3699779,0.1655977,0,0.94,0
0,0,0,0,0.46,0.4118779,0.3336457,0,1.015,0
0,2,2,0,0.017,0.2549346,0.253207,0,1.745,0
0,1,0,0,0.064,0.2777244,0.2667502,1,1.54,0
0,0,0,0,1.208,0.2134501,0.1216887,0,1.225,0
0,2,2,0,0.454,0.3322031,0.3106663,0,2.22,0
0,2,2,0,0.456,0.3417868,0.3514119,0,0.82,0
0,0,0,0,1.212,0.2971728,0.1720099,0,1.735,0
0,0,0,0,1.216,0.2624356,0.1855723,0,0.743,0
0,0,0,0,0.024,0.2771161,0.2905528,0,0.84,0
0,0,0,0,1.1,0.2910891,0.2424269,0,2.1,0
0,0,0,0,1.435,0.4496166,0.1659315,0,1.315,0
0,2,2,0,0,0.2423739,0.2511081,0,1.63,0
0,0,0,0,0.035,0.2487304,0.2567181,0,0.45,0
0,2,2,0,0.305,0.1316595,0.0631998,0,1.4,0
0,0,0,0,1.41,0.5006569,0.2006977,0,1.645,0
0,0,0,0,0.074,0.2937264,0.269283,0,1.5,0
0,0,0,0,0.464,0.4135252,0.3320156,0,1.947,0
0,2,2,0,0.456,0.3409147,0.3483002,0,0.815,0
0,0,0,0,0.467,0.342374,0.3667707,0,1.133,0
0,0,0,0,0.018,0.2585858,0.2615973,0,0.625,0
0,0,0,0,0.027,0.29279,0.2722313,0,1.51,0
0,0,0,0,0.468,0.3896439,0.3733236,0,1.753,0
0,0,0,0,0.451,0.3156567,0.3325178,0,1.139,0
0,0,0,0,0.452,0.3243923,0.3510359,0,0.855,0
0,0,0,0,0.466,0.3814733,0.3808487,0,0.8,0
0,0,0,0,0.457,0.360057,0.368442,0,0.255,0
0,0,0,0,1.223,0.2646921,0.0786021,0,0.814,0
0,0,0,0,1.2,0.2608714,0.1877931,0,0.528,0
0,0,0,0,0.039,0.3144031,0.3560435,0,1.605,0
0,0,0,0,0.468,0.4036549,0.3655949,0,1.25,0
0,0,0,0,0.462,0.3373808,0.3692507,0,0.955,0
0,0,0,0,1.205,0.2954353,0.1945947,0,0.8,0
0,0,0,0,1.215,0.2846697,0.1873531,0,0.315,0
0,0,0,0,1.376,0.3241872,0.2379861,0,0.8,0
0,0,0,0,0.451,0.313141,0.3386922,0,0.835,0
0,0,0,0,0.451,0.313141,0.3386922,0,1.021,0
0,1,1,0,0.451,0.3147934,0.3328065,0,1.355,0
0,0,0,0,1.231,0.2443728,0.1425964,0,1.31,0
0,0,0,0,0.064,0.2759,0.2642476,0,1.725,0
0,0,0,0,1.212,0.3140389,0.1737764,0,2.233,0
0,2,2,0,1.212,0.3163879,0.1691692,0,0.332,0
0,1,1,0,0.006,0.2289325,0.2160651,0,1.815,0
0,1,1,0,0.021,0.272667,0.2598185,0,1.856,0
0,0,0,0,0.46,0.4110742,0.3543777,0,0.7,0
0,0,0,0,1.212,0.3001924,0.1745336,0,1,0
0,1,1,0,1.432,0.4600944,0.2030764,0,1.22,0
0,0,0,0,0.03,0.288615,0.3164891,0,0.52,0
0,1,1,0,1.215,0.2888636,0.172461,0,1.64,0
0,0,0,0,0.012,0.2432105,0.2159889,0,0.31,0
0,0,0,0,1.232,0.3180106,0.1759368,0,2.325,0
0,3,3,0,1.421,0.5132559,0.1691147,0,1.945,0
0,3,3,0,1.373,0.3725061,0.2233256,0,1.95,0
0,0,0,0,0.308,0.0236193,0.0493131,0,1.4,0
0,1,1,0,1.229,0.2737986,0.128223,0,1.353,0
0,0,0,0,1.692,0.4277092,0.0889967,0,2.1,0
0,0,0,0,1.69,0.4793656,0.1060978,0,2.022,0
0,0,0,0,1.691,0.4531683,0.0877724,0,0.454,0
0,0,0,0,0.032,0.3080956,0.3530583,0,0.22,0
0,1,1,0,0.021,0.2748039,0.2597959,0,0.84,0
0,1,1,0,1.233,0.3231976,0.1309572,0,1.83,0
0,2,2,0,1.2,0.2560613,0.1885212,0,0.95,0
0,6,6,0,0.035,0.2441285,0.2644201,0,0.315,0
0,0,0,0,0.027,0.2970262,0.2780345,0,1.4,0
0,0,0,0,0.127,0.2873817,0.2828831,0,1.1,0
0,0,0,0,1.354,0.4161209,0.2427556,0,1.95,0
0,0,0,0,0.451,0.3241173,0.3391159,0,2.001,0
0,0,0,0,0.474,0.4159138,0.3692852,0,0.646,0
0,0,0,0,1.69,0.4850423,0.0964242,0,0.22,0
0,1,1,0,0.457,0.3440904,0.3590868,0,1.7,0
0,0,0,0,1.212,0.3161948,0.1673962,0,0.925,0
0,0,0,0,0.454,0.3250299,0.3145884,0,1.921,0
0,0,0,0,1.366,0.4173245,0.2146941,0,0.92,0
0,0,0,0,1.357,0.4353688,0.2620836,0,1.7,0
0,1,0,0,0.035,0.2600068,0.2569118,0,1.725,1
0,0,0,0,0.467,0.3477264,0.3744785,0,1.222,0
0,0,0,0,0.027,0.2923238,0.2715975,0,0.8,0
0,0,0,0,1.371,0.3521157,0.2521339,0,1.4,0
0,0,0,0,0.013,0.2351785,0.2353228,0,1.253,0
0,0,0,0,0.032,0.3099497,0.3456932,0,0.948,0
0,0,0,0,0.01,0.2415257,0.2417293,0,2.145,0
0,0,0,0,0,0.2446731,0.2535124,0,1.827,0
0,0,0,0,0.026,0.2835053,0.3145807,0,1.428,0
0,0,0,0,0.462,0.3371237,0.3715098,0,1.9,0
0,0,0,0,1.69,0.4928693,0.1084955,0,1.33,0
0,0,0,0,0.451,0.3175397,0.3295715,0,1.63,0
0,1,1,0,1.237,0.2770225,0.1819292,0,1.8,0
0,0,0,0,0.035,0.2406485,0.260915,0,1.9,0
0,0,0,0,0.021,0.2746467,0.2556542,0,1.445,0
0,0,0,0,0.022,0.2578272,0.2743192,0,2.32,0
0,0,0,0,0.3,0.1479379,0.1173171,0,1.3,0
0,0,0,0,0.021,0.2721757,0.2591407,0,1.455,0
0,1,1,0,0.016,0.2728227,0.2531405,0,1.63,0
0,2,2,0,0.45,0.3238619,0.3254062,0,0.415,0
0,1,1,0,0.303,0.1310171,0.0902822,0,0.93,0
0,0,0,0,1.213,0.241764,0.0971811,0,1.63,0
0,0,0,0,0.021,0.265057,0.2580554,0,1.13,0
0,0,0,0,0.016,0.2636847,0.2561755,0,0.945,0
0,0,0,0,1.214,0.2510749,0.1668352,0,1.445,0
0,0,0,0,1.69,0.4935941,0.0953627,0,0.12,0
0,0,0,0,0.311,0.073653,0.0429085,0,1.335,0
0,0,0,0,0.456,0.3382234,0.3418935,0,1.515,0
0,0,0,0,1.426,0.4872923,0.229473,0,0.515,0
0,0,0,0,0.033,0.3205864,0.3665818,0,1.52,0
0,0,0,0,1.223,0.2655415,0.0781023,0,0.43,0
0,0,0,0,1.229,0.287213,0.11506,0,1.635,0
0,0,0,0,0.451,0.3236224,0.3451299,0,0.805,0
0,0,0,0,1.212,0.3134518,0.1675379,0,2.05,0
0,0,0,0,0.465,0.3804402,0.3935524,0,0.807,0
0,1,1,0,0.469,0.3782425,0.3942659,0,0.43,0
0,0,0,0,0.033,0.3205864,0.3665818,0,1.25,0
0,0,0,0,1.214,0.2497739,0.1691464,0,1.12,0
0,0,0,0,1.237,0.2778998,0.1774056,0,1.145,0
0,0,0,0,0.451,0.3188451,0.3428715,0,1.71,0
0,0,0,0,0.451,0.3189811,0.3416418,0,1.555,0
0,0,0,0,0.455,0.3252078,0.3297282,0,0.02,0
0,1,1,0,0.461,0.3740686,0.3525514,0,1.205,0
0,0,0,0,0.451,0.3276402,0.3440675,0,1.545,0
0,0,0,0,1.211,0.3389095,0.1607397,0,1.026,0
0,0,0,0,1.212,0.3136195,0.1693192,0,1.81,0
0,0,0,0,0.013,0.2343192,0.2398324,0,0.55,0
0,0,0,0,1.357,0.4491167,0.2660396,0,2.015,0
0,0,0,0,0.46,0.4070286,0.3396033,0,1.015,0
0,1,1,0,1.356,0.4265588,0.2913269,0,1.41,0
0,0,0,0,1.355,0.400105,0.2914239,0,1.43,0
0,0,0,0,0.064,0.2788261,0.2613784,0,1.1,0
0,0,0,0,0.46,0.3880322,0.3507615,0,1.4,0
0,1,1,0,0.466,0.3591142,0.3791747,0,0.92,0
0,0,0,0,0,0.2497942,0.2479925,0,2.155,0
0,0,0,0,0.026,0.2981756,0.3092086,0,1.91,0
0,0,0,0,1.229,0.2740593,0.1160498,0,1.045,0
0,0,0,0,1.215,0.2886965,0.1706797,0,2,0
0,0,0,0,1.232,0.3141848,0.1753354,0,0.316,0
0,0,0,0,0.064,0.2783984,0.2648013,0,1.002,0
0,1,1,0,0.458,0.3469309,0.3150289,0,1.825,0
0,0,0,0,0.451,0.3220147,0.3397651,0,1.831,0
0,0,0,0,0.03,0.2945758,0.3297353,0,0.802,0
0,0,0,0,0.017,0.2474238,0.2572671,0,1.03,0
0,0,0,0,0.471,0.3709013,0.3335341,0,0.9,0
0,0,0,0,1.228,0.2982544,0.108237,0,0.953,0
0,0,0,0,0.016,0.2724812,0.2484059,0,1,0
0,0,0,0,1.212,0.3137034,0.1702112,0,1.115,0
0,1,0,0,0.035,0.2439803,0.2603908,1,1.006,0
0,0,0,0,0.016,0.2728227,0.2531405,0,1.013,0
0,0,0,0,0.03,0.2945614,0.3206448,0,1.723,0
0,0,0,0,0.013,0.2380369,0.22587,0,1.934,0
0,2,2,0,1.206,0.3477593,0.1636413,0,0.815,0
0,0,0,0,1.433,0.4679718,0.1585409,0,1.756,0
0,0,0,0,0.021,0.2761038,0.2533948,0,1.23,0
0,0,0,0,0.01,0.2404755,0.2453825,0,0.815,0
0,1,1,0,0.015,0.261845,0.2478758,0,2.1,0
0,1,1,0,0.467,0.3401681,0.3591561,0,2.25,0
0,0,0,0,1.229,0.2786972,0.1329371,0,1.755,0
0,0,0,0,0.026,0.2787853,0.3115137,0,1.74,0
0,0,0,0,1.206,0.3363076,0.178926,0,0.835,0
0,0,0,0,1.434,0.4363657,0.1930731,0,0.13,0
0,3,3,0,0.453,0.3261675,0.3085876,0,0.82,0
0,1,0,0,0.127,0.2961295,0.2808373,1,0.84,0
0,0,0,0,0.474,0.4100667,0.3676608,0,2.02,0
0,2,2,0,1.22,0.32248,0.1959513,0,2.016,0
0,0,0,0,0.064,0.2807311,0.2597474,0,1.42,0
0,2,2,0,0.021,0.2708419,0.2631044,0,1.336,0
0,2,2,0,0.462,0.3438341,0.3829247,0,1.146,0
0,1,1,0,0.451,0.3194287,0.3349993,0,1.33,0
0,2,2,0,1.212,0.3052306,0.1689316,0,1.845,0
0,1,1,0,1.69,0.4880825,0.1084262,0,1.54,0
0,0,0,0,1.431,0.4510032,0.2057585,0,0.6,0
0,0,0,0,1.384,0.3773546,0.2089731,0,1.115,0
0,0,0,0,0.033,0.3242431,0.3619105,0,0.955,0
0,3,3,0,1.209,0.295378,0.1232744,0,0.83,0
0,0,0,0,1.206,0.354323,0.1678154,0,1.045,0
0,0,0,0,1.415,0.3957051,0.18313,0,2,0
0,0,0,0,1.368,0.3657764,0.2692033,0,1.12,0
0,0,0,0,0.018,0.247154,0.2688719,0,0.55,0
0,1,1,0,1.232,0.3305694,0.1719698,0,0.5,0
0,1,1,0,1.215,0.2916467,0.1821599,0,1.3,0
0,0,0,0,0.456,0.3385208,0.3475831,0,0.204,0
0,0,0,0,0.008,0.2547557,0.2240825,0,0.919,0
0,0,0,0,0.024,0.2685909,0.2941424,0,0.81,0
0,0,0,0,0.02,0.2858002,0.2666926,0,1.3,0
0,0,0,0,0.012,0.2342416,0.2247308,0,1.93,0
0,0,0,0,0.035,0.2458572,0.257871,0,1.7,0
0,0,0,0,0.02,0.2782514,0.2732579,0,1.315,0
0,2,2,0,0.074,0.279675,0.2752089,0,1.647,0
0,4,4,0,0.034,0.3004476,0.3007564,0,0.35,0
0,3,3,0,0.452,0.3269284,0.3499362,0,2.15,0
0,0,0,0,0.465,0.3844379,0.3923015,0,0.55,0
0,1,1,0,1.234,0.2851328,0.0787581,0,2.24,0
0,0,0,0,0.018,0.2476266,0.2653943,0,0.942,0
0,0,0,0,0.033,0.3252106,0.3665237,0,1.73,0
0,0,0,0,1.225,0.2824701,0.1518172,0,1.2,0
0,1,0,0,0.018,0.2636613,0.2619148,0,1.7,1
0,0,0,0,0.012,0.2371642,0.2202432,0,0.3,0
0,0,0,0,1.215,0.2976493,0.1770464,0,1.63,0
0,0,0,0,1.359,0.4619429,0.2746343,0,2.3,0
0,0,0,0,0.024,0.2719508,0.2885643,0,1.601,0
0,0,0,0,1.223,0.2572824,0.0741924,0,2.323,0
0,0,0,0,0.027,0.293249,0.2728679,0,1.555,0
0,0,0,0,0.451,0.3249129,0.3453046,0,0.7,0
0,1,1,0,0.027,0.2873163,0.2770287,0,1.31,0
0,0,0,0,0.451,0.3249129,0.3453046,0,1.7,0
0,1,1,0,1.36,0.4758244,0.2640397,0,1.2,0
0,0,0,0,0.006,0.2304516,0.2137981,0,1.715,0
0,0,0,0,0.02,0.2782514,0.2732579,0,1.85,0
0,1,1,0,0.465,0.4135552,0.3856251,0,0.8,0
0,0,0,0,1.2,0.2508667,0.1996572,0,1.23,0
0,0,0,0,1.36,0.4701353,0.25989,0,0.215,0
0,0,0,0,1.369,0.3483901,0.2674312,0,0.515,0
0,1,1,0,1.384,0.3623692,0.2039092,0,0.22,0
0,0,0,0,1.372,0.3712278,0.232006,0,0.84,0
0,0,0,0,1.209,0.295472,0.1281656,0,1.909,0
0,0,0,0,1.36,0.4671114,0.2676828,0,1.73,0
0,4,4,0,0,0.2427636,0.248528,0,1.245,0
0,0,0,0,0.018,0.2503996,0.2692038,0,1.3,0
0,0,0,0,0.017,0.2541544,0.2503087,0,1.951,0
0,1,1,0,1.215,0.2917993,0.1740929,0,0.946,0
0,0,0,0,1.432,0.4551925,0.1950489,0,2.1,0
0,1,1,0,0.03,0.2941792,0.3216276,0,1.927,0
0,0,0,0,0.027,0.2873163,0.2770287,0,1.22,0
0,0,0,0,1.232,0.3198986,0.1750215,0,2.03,0
0,0,0,0,0.464,0.4173618,0.3452668,0,0.005,0
0,0,0,0,1.234,0.28048,0.0821908,0,0.64,0
0,1,1,0,1.421,0.5032338,0.1652869,0,0.905,0
0,0,0,0,1.359,0.466201,0.2782135,0,1,0
0,0,0,0,1.432,0.4489505,0.2033139,0,1.5,0
0,1,1,0,1.361,0.5110494,0.2556763,0,0.913,0
0,0,0,0,0.017,0.2547107,0.2524962,0,2.035,0
0,0,0,0,1.232,0.3142614,0.1761396,0,2.325,0
0,1,1,0,1.434,0.4311991,0.1984917,0,1.93,0
0,0,0,0,1.377,0.3463895,0.2256606,0,1.74,0
0,0,0,0,0,0.2427636,0.248528,0,1.145,0
0,0,0,0,0.064,0.2812008,0.2603758,0,0.122,0
0,0,0,0,1.222,0.2758948,0.0989739,0,0.84,0
0,1,1,0,1.232,0.3246799,0.1814574,0,1.9,0
0,0,0,0,0.127,0.2929196,0.2764444,0,1.73,0
0,0,0,0,1.36,0.4673248,0.2709926,0,2.02,0
0,1,1,0,1.367,0.374668,0.2545035,0,1.945,0
0,0,0,0,0.468,0.3884154,0.3769921,0,2.33,0
0,0,0,0,1.223,0.2491761,0.0769984,0,0.605,0
0,2,2,0,1.207,0.3652266,0.1790578,0,1.352,0
0,0,0,0,0.018,0.2459517,0.2669232,0,1.035,0
0,0,0,0,0.46,0.4075584,0.3462639,0,1.841,0
0,2,2,0,0.466,0.370202,0.3775353,0,0.805,0
0,4,4,0,1.411,0.4839739,0.2079144,0,2.15,0
0,0,0,0,0.018,0.2622854,0.2600376,0,0.33,0
0,0,0,0,0.023,0.2625156,0.2807302,0,1.9,0
0,2,2,0,0.459,0.3584035,0.3347743,0,1.8,0
0,0,0,0,0.456,0.3387712,0.348291,0,2.335,0
0,0,0,0,0.127,0.2928397,0.280578,0,0.74,0
0,1,1,0,1.212,0.308418,0.1731925,0,0.225,0
0,0,0,0,1.219,0.2254616,0.1448872,0,0.825,0
0,0,0,0,1.003,0.5232693,0.2449288,0,1.814,0
0,1,1,0,1.384,0.3865074,0.2014852,0,0.83,0
0,0,0,0,0.303,0.143812,0.0938209,0,0.95,0
0,0,0,0,0.46,0.3987357,0.3386871,0,2.1,0
0,0,0,0,0.456,0.3499248,0.3454678,0,1.8,0
0,0,0,0,0.016,0.2751827,0.2521325,0,0.7,0
0,1,1,0,1.431,0.4373019,0.2061174,0,1.03,0
0,0,0,0,1.36,0.4766508,0.2578047,0,1.53,0
0,3,3,0,1.232,0.325029,0.1722813,0,1.645,0
0,1,1,0,1.373,0.3820402,0.2107351,0,1.33,0
0,3,3,0,0.001,0.2479723,0.2170345,0,1.735,0
0,2,2,0,1.223,0.2591475,0.0757484,0,2.2,0
0,2,2,0,1.212,0.3135393,0.1684766,0,1.623,0
0,0,0,0,1.415,0.3924997,0.1799366,0,1.725,0
0,2,2,0,0.033,0.3223418,0.3711395,0,1.8,0
0,0,0,0,0.027,0.2841,0.278383,0,1.5,0
0,0,0,0,1.237,0.2786192,0.174419,0,0.018,0
0,0,0,0,0.016,0.2673567,0.249656,0,2.02,0
0,0,0,0,0.013,0.2398298,0.2339589,0,0.23,0
0,0,0,0,0.074,0.2913697,0.2702804,0,1.452,0
0,0,0,0,0.012,0.2399169,0.2182863,0,1.7,0
0,0,0,0,0.459,0.360133,0.3522372,0,1.75,0
0,0,0,0,0.009,0.2622969,0.2386725,0,1.908,0
0,0,0,0,0.022,0.2597065,0.267781,0,1.94,0
0,0,0,0,0.455,0.3335873,0.3242049,0,1.706,0
0,1,1,0,0.456,0.3393322,0.3438633,0,2.053,0
0,0,0,0,1.203,0.2627416,0.1150149,0,1.245,0
0,0,0,0,1.223,0.249028,0.0720879,0,0.625,0
0,0,0,0,1.205,0.3004908,0.1981824,0,1.12,0
0,0,0,0,1.234,0.2776073,0.0759088,0,1.13,0
0,0,0,0,0.064,0.2852736,0.2619334,0,0.4,0
0,0,0,0,0.033,0.3205496,0.3630028,0,2.34,0
0,0,0,0,0.464,0.4039036,0.3192995,0,1.613,0
0,1,1,0,1.384,0.3865074,0.2014852,0,2.055,0
0,0,0,0,0.064,0.2812008,0.2603758,0,1.65,0
0,0,0,0,0.459,0.3773216,0.3399769,0,1.44,0
0,2,2,0,0.45,0.3125804,0.317948,0,2.3,0
0,0,0,0,1.206,0.3429012,0.178451,0,0.807,0
0,0,0,0,0.021,0.2736134,0.2611165,0,1.84,0
0,2,2,0,1.21,0.2867631,0.2118026,0,2.315,0
0,0,0,0,1.237,0.2742672,0.1806592,0,1.93,0
0,0,0,0,1.36,0.4618641,0.2540598,0,2.1,0
0,0,0,0,0.021,0.2724056,0.2565907,0,2.305,0
0,0,0,0,0.015,0.262744,0.249108,0,2.14,0
0,0,0,0,0.127,0.2919753,0.2834055,0,1,0
0,0,0,0,1.234,0.2767037,0.075717,0,1.352,0
0,0,0,0,1.232,0.3170156,0.1759923,0,0.025,0
0,1,0,0,0.074,0.2862475,0.2715451,0,1.705,1
0,1,1,0,0.457,0.3469746,0.3609561,0,1.645,0
0,0,0,0,1.222,0.2772705,0.0991327,0,1.53,0
0,0,0,0,0.02,0.2795887,0.2693132,0,1.345,0
0,0,0,0,1.69,0.4880825,0.1084262,0,0.835,0
0,0,0,0,0.127,0.2876218,0.2803195,0,0.81,0
0,3,3,0,1.412,0.4885631,0.1790076,0,1.15,0
0,0,0,0,1.362,0.4848172,0.26115,0,0.73,0
0,1,1,0,1.361,0.517596,0.2606343,0,1.545,0
0,0,0,0,0.018,0.2532407,0.2680069,0,0.957,0
0,1,1,0,0.022,0.25966,0.2694608,0,1.813,0
0,1,1,0,0.45,0.3107538,0.3124789,0,1.84,0
0,1,1,0,1.237,0.2775618,0.1791267,0,1.817,0
0,0,0,0,1.357,0.4521646,0.258335,0,2.115,0
0,3,3,0,0.018,0.2547843,0.2599262,0,0.145,0
0,0,0,0,0.064,0.2861841,0.2631791,0,1.2,0
0,0,0,0,0.452,0.3361403,0.3562885,0,2.013,0
0,2,2,0,1.202,0.3169789,0.1530515,0,2.358,0
0,0,0,0,1.215,0.2865288,0.1690145,0,1.645,0
0,1,1,0,1.2,0.2485479,0.2013015,0,1.84,0
0,0,0,0,1.376,0.3374646,0.249051,0,1.93,0
0,0,0,0,1.235,0.3580824,0.1365705,0,0.34,0
0,2,2,0,1.207,0.3659029,0.1763205,0,1.352,0
0,1,1,0,1.22,0.3256534,0.1872509,0,2.328,0
1,10,10,1,0.462,0.3327549,0.3761107,0,0.435,0
0,0,0,0,1.22,0.3084081,0.1885824,0,0.556,0
0,0,0,0,1.69,0.4949599,0.1079996,0,0.51,0
0,0,0,0,1.377,0.3426034,0.2295561,0,0.45,0
0,0,0,0,1.205,0.2984787,0.2069612,0,1.83,0
0,0,0,0,0.313,0.1235344,0.1069659,0,0.545,0
0,2,2,0,0.463,0.4504365,0.3554413,0,1.945,0
0,1,1,0,1.425,0.519811,0.2412565,0,2.03,0
0,1,1,0,0.307,0.0790776,0.0596652,0,1.555,0
0,0,0,0,0,0.245496,0.2522773,0,1.25,0
0,3,3,0,1.235,0.3268572,0.1358979,0,1.851,0
0,2,2,0,0.001,0.2514356,0.2180938,0,1.332,0
0,0,0,0,0,0.245496,0.2522773,0,1.733,0
0,1,1,0,0.451,0.318094,0.3370917,0,1.815,0
0,0,0,0,1.211,0.3242231,0.153203,0,1.13,0
0,0,0,0,0.307,0.0957289,0.053531,0,2.15,0
0,1,1,0,0.313,0.1251335,0.1089767,0,1.621,0
0,1,1,0,0.015,0.2641647,0.2452815,0,0.53,0
0,0,0,0,1.212,0.2997703,0.1700763,0,1.4,0
0,0,0,0,0.021,0.2741952,0.255023,0,1.053,0
0,0,0,0,0.47,0.3449201,0.3999298,0,1.8,0
0,0,0,0,1.232,0.3276695,0.170767,0,1.4,0
0,0,0,0,0.017,0.2530142,0.2524058,0,1.8,0
0,1,1,0,1.353,0.4151179,0.2678469,0,1.73,0
0,0,0,0,0.009,0.2608962,0.2367761,0,2.359,0
0,0,0,0,0.021,0.2765069,0.258198,0,1.543,0
0,0,0,0,0.3,0.1528965,0.1291813,0,1.44,0
0,0,0,0,0.017,0.2547107,0.2524962,0,0.003,0
0,0,0,0,0.033,0.3218025,0.3646871,0,0.445,0
0,0,0,0,1.211,0.3330278,0.1533473,0,1.6,0
0,0,0,0,1.419,0.4380923,0.1744633,0,0.405,0
0,0,0,0,0.305,0.1397202,0.0876306,0,1.745,0
0,0,0,0,0.452,0.3271237,0.3528317,0,1.34,0
0,1,1,0,1.419,0.4179291,0.1786708,0,1.845,0
0,0,0,0,1.419,0.4271647,0.1820818,0,1.8,0
0,1,1,0,1.419,0.4291657,0.1679429,0,2.21,0
0,0,0,0,1.416,0.3966668,0.1811552,0,0.71,0
0,0,0,0,0.303,0.1484361,0.0959218,0,0.938,0
0,4,4,0,1.215,0.2878001,0.1725218,0,0.55,0
0,0,0,0,1.355,0.3868321,0.2827597,0,0.9,0
0,0,0,0,0.016,0.2609115,0.2523718,0,1.615,0
0,0,0,0,0.021,0.2752158,0.2604408,0,0.144,0
0,0,0,0,0.015,0.2622963,0.2484932,0,1.1,0
0,0,0,0,0.307,0.0790776,0.0596652,0,1.639,0
0,0,0,0,0,0.2530856,0.2474021,0,0.947,0
0,2,2,0,1.224,0.2882597,0.1595389,0,1.35,0
0,1,1,0,1.432,0.4573922,0.2028235,0,2,0
0,0,0,0,0.018,0.2678307,0.2618563,0,1.815,0
0,0,0,0,0.465,0.4117646,0.3854494,0,0.115,0
0,0,0,0,0.304,0.1519148,0.0850716,0,1.2,0
0,0,0,0,0.012,0.2371642,0.2202432,0,1.42,0
0,1,1,0,0.451,0.3164253,0.3315182,0,0.311,0
0,1,1,0,1.207,0.3690619,0.1842989,0,1.03,0
0,0,0,0,1.237,0.2841433,0.1704262,0,1.55,0
0,0,0,0,0.305,0.1145492,0.0764396,0,1.405,0
0,0,0,0,1.367,0.3826218,0.2504181,0,0.01,0
0,1,1,0,0.127,0.2887656,0.2790153,0,1.2,0
0,0,0,0,0.456,0.3408764,0.351753,0,1.23,0
0,0,0,0,1.2,0.2486984,0.191736,0,1.943,0
0,0,0,0,1.384,0.3315787,0.2120427,0,2.305,0
0,3,3,0,1.211,0.3415049,0.1560988,0,1.63,0
0,0,0,0,1.357,0.4371684,0.2614795,0,1.733,0
0,0,0,0,0.02,0.2872239,0.2686435,0,1.418,0
0,3,2,0,0.462,0.3351,0.3722855,1,2.25,0
0,0,0,0,1.213,0.2534254,0.085334,0,1.252,0
0,0,0,0,0.303,0.1587366,0.126202,0,1.4,0
0,0,0,0,0.015,0.2708733,0.2440724,0,0.64,0
0,0,0,0,0.462,0.3240004,0.3761282,0,1.35,0
0,0,0,0,1.433,0.4646614,0.1742036,0,0.7,0
0,0,0,0,0.064,0.2735836,0.2668585,0,1.243,0
0,0,0,0,0.024,0.2794248,0.2988055,0,0.4,0
0,1,1,0,0.467,0.3440632,0.3602424,0,0.41,0
0,1,1,0,0.03,0.2894938,0.3227769,0,1.94,0
0,0,0,0,0.455,0.3290625,0.3372129,0,0.5,0
0,0,0,0,0.464,0.4006206,0.3274093,0,1.015,0
0,4,4,0,0.452,0.3365353,0.3569359,0,1.414,0
0,0,0,0,0.064,0.2825592,0.2622555,0,1.418,0
0,0,0,0,0.456,0.3353192,0.3456233,0,1.7,0
0,0,0,0,1.202,0.2976367,0.1534166,0,1.53,0
0,0,0,0,0.012,0.2444984,0.2182149,0,1.74,0
0,0,0,0,0.064,0.2722145,0.2649815,0,1.8,0
0,0,0,0,0.464,0.4029299,0.3155955,0,1.21,0
0,1,1,0,0.464,0.4232967,0.3240904,0,2.339,0
0,0,0,0,1.233,0.3283895,0.103349,0,1.1,0
0,0,0,0,1.233,0.306938,0.1233233,0,1.703,0
0,0,0,0,0.027,0.2873163,0.2770287,0,1.215,0
0,0,0,0,1.212,0.3062017,0.1777693,0,0.5,0
0,1,1,0,0.469,0.3617593,0.3941113,0,1.325,0
0,1,1,0,0.028,0.2969532,0.2988753,0,2.013,0
0,0,0,0,0.015,0.2581783,0.2486147,0,0.71,0
0,1,1,0,1.415,0.3957051,0.18313,0,1.6,0
0,0,0,0,0.455,0.331311,0.3296275,0,1.515,0
0,0,0,0,0.466,0.370202,0.3775353,0,1.7,0
0,0,0,0,1.376,0.3475685,0.2388563,0,1.44,0
0,2,2,0,1.232,0.328683,0.1711835,0,2.11,0
0,2,2,0,1.426,0.5067889,0.2372139,0,2.108,0
0,0,0,0,0.452,0.3317261,0.3533607,0,1.6,0
0,1,1,0,0.456,0.3310763,0.3378865,0,0.1,0
0,2,2,0,1.236,0.3088028,0.2082073,0,1,0
0,0,0,0,1.431,0.4373019,0.2061174,0,1.72,0
0,0,0,0,0.064,0.2726697,0.2656072,0,0.804,0
0,2,2,0,1.215,0.2886965,0.1706797,0,2.258,0
0,0,0,0,1.22,0.317672,0.1888951,0,0.015,0
0,1,1,0,1.355,0.4054635,0.2851748,0,1.21,0
0,1,1,0,1.363,0.4883283,0.2412952,0,1.13,0
0,0,0,0,0.46,0.3982631,0.3405569,0,1.95,0
0,2,2,0,1.368,0.3812783,0.2603146,0,1.5,0
0,1,1,0,1.203,0.265576,0.1142486,0,1.013,0
0,2,2,0,0.031,0.3001112,0.3373162,0,0.242,0
0,0,0,0,1.224,0.2881917,0.1653304,0,1.7,0
0,0,0,0,0.032,0.3047289,0.3478288,0,1.858,0
0,0,0,0,0.45,0.315441,0.3172107,0,0.83,0
0,0,0,0,0.473,0.3527224,0.3086667,0,1.334,0
0,0,0,0,0.457,0.3459156,0.3611492,0,1.727,0
0,1,1,0,1.224,0.2961873,0.1615665,0,0.6,0
0,0,0,0,1.371,0.3626967,0.2512642,0,2.232,0
0,0,0,0,0.307,0.0800562,0.0568175,0,1.31,0
0,1,1,0,0.016,0.2709953,0.2506378,0,1.33,0
0,0,0,0,0.466,0.3668609,0.3718492,0,1.143,0
0,0,0,0,0.3,0.1288928,0.1115908,0,1,0
0,0,0,0,0.016,0.2714809,0.2470475,0,1.142,0
0,2,2,0,1.217,0.2691636,0.1497516,0,1.85,0
0,0,0,0,1.232,0.3267642,0.1703917,0,0.925,0
0,0,0,0,1.433,0.4534599,0.1752321,0,1.515,0
0,0,0,0,0.008,0.2588355,0.2215623,0,0.924,0
0,2,2,0,1.353,0.4226995,0.2625873,0,2.35,0
0,0,0,0,0.064,0.2839321,0.2641324,0,1.132,0
0,1,1,0,0.452,0.3410222,0.3549368,0,0.755,0
0,0,0,0,1.692,0.4295304,0.0874649,0,1.815,0
0,3,3,0,0.127,0.2855529,0.2803697,0,1.435,0
0,0,0,0,0.031,0.2940041,0.3333421,0,1.405,0
0,0,0,0,0.304,0.1581934,0.0968021,0,1.02,0
0,1,1,0,1.223,0.2443018,0.0741083,0,1.513,0
0,0,0,0,0.015,0.2659181,0.24367,0,1.5,0
0,0,0,0,0.45,0.3233404,0.3244679,0,1.4,0
0,0,0,0,0.457,0.3459156,0.3611492,0,1.625,0
0,1,0,0,1.205,0.3000412,0.2078332,0,1.615,1
0,0,0,0,0.011,0.2502461,0.225985,0,0.001,0
0,0,0,0,0.02,0.2773264,0.2719901,0,1.53,0
0,0,0,0,1.422,0.4818148,0.2133261,0,2.04,0
0,0,0,0,1.433,0.4497733,0.1791968,0,1.6,0
0,0,0,0,0.031,0.2973759,0.3335711,0,1.6,0
0,0,0,0,0.452,0.3262313,0.3531343,0,1.115,0
0,0,0,0,1.22,0.3048948,0.1911754,0,0.42,0
0,1,1,0,1.411,0.4812916,0.2072695,0,0.215,0
0,1,1,0,0.451,0.3278248,0.3443199,0,2.215,0
0,0,0,0,1.209,0.2987054,0.126078,0,1.5,0
0,3,3,0,1.1,0.2945349,0.2553641,0,0.242,0
0,1,0,0,0.02,0.2848599,0.2696435,0,1.01,1
0,0,0,0,1.361,0.5065288,0.2634627,0,0.25,0
0,1,1,0,0.01,0.233972,0.2464253,0,1.145,0
0,0,0,0,0.021,0.2769982,0.2588731,0,2.02,0
0,0,0,0,0.305,0.1407464,0.0780603,0,0.836,0
0,0,0,0,1.223,0.2551909,0.0737837,0,2.105,0
0,0,0,0,0.033,0.3247579,0.3659174,0,1.72,0
0,0,0,0,0.033,0.3237868,0.3612851,0,0.15,0
0,0,0,0,0.064,0.2793305,0.2660745,0,0.112,0
0,0,0,0,0.064,0.2768104,0.2654989,0,1.53,0
0,2,2,0,0.456,0.3368614,0.3422652,0,1.71,0
0,0,0,0,0.304,0.1724976,0.1025153,0,1.73,0
0,0,0,0,1.222,0.2619135,0.0923952,0,0.43,0
0,1,1,0,1.215,0.2916357,0.1723116,0,0.404,0
0,0,0,0,1.212,0.2997703,0.1700763,0,1.357,0
0,0,0,0,1.215,0.2884358,0.1742755,0,1.4,0
0,0,0,0,0.074,0.2829057,0.2738492,0,0.93,0
0,1,1,0,0.027,0.2862159,0.2783877,0,0.903,0
0,0,0,0,1.234,0.280496,0.07865,0,2.345,0
0,0,0,0,0.021,0.2779279,0.2558975,0,0.006,0
0,0,0,0,1.431,0.4470706,0.2089029,0,2.23,0
0,1,1,0,0.305,0.1123798,0.0646098,0,1.9,0
0,0,0,0,0.027,0.2820275,0.2784304,0,2.105,0
0,0,0,0,0.3,0.1517619,0.1316617,0,0.6,0
0,0,0,0,1.432,0.4489505,0.2033139,0,1.5,0
0,0,0,0,1.378,0.3702537,0.2114872,0,0.545,0
0,0,0,0,0.02,0.2885509,0.2664252,0,1.745,0
0,0,0,0,1.215,0.2919556,0.1757644,0,1.75,0
0,0,0,0,0.467,0.3558491,0.3793975,0,0.05,0
0,2,2,0,0.015,0.2660032,0.2395337,0,1.02,0
0,0,0,0,1.426,0.4877072,0.2235818,0,1.6,0
0,0,0,0,0.304,0.1767242,0.1000942,0,1.704,0
0,0,0,0,0.458,0.3486171,0.3166852,0,1.838,0
0,1,1,0,0.006,0.2342572,0.2143226,0,2.245,0
0,3,3,0,0.008,0.2592454,0.2302411,0,2.055,0
0,3,3,0,0.015,0.2713788,0.2446596,0,1.105,0
0,0,0,0,0.305,0.1145492,0.0764396,0,1.6,0
0,0,0,0,0.033,0.3247357,0.3625799,0,0.03,0
0,0,0,0,1.217,0.2640031,0.1393445,0,0.73,0
0,0,0,0,0.018,0.2537354,0.268682,0,0.83,0
0,0,0,0,0.303,0.1670971,0.1238555,0,1.645,0
0,0,0,0,0.024,0.2737601,0.2961393,0,0.646,0
0,0,0,0,0.026,0.280848,0.317502,0,0.858,0
0,0,0,0,1.212,0.307744,0.1660564,0,1.534,0
0,1,1,0,0.451,0.3244015,0.3438338,0,2.055,0
0,1,1,0,0.305,0.1391515,0.0640769,0,0.6,0
0,0,0,0,0.024,0.2691092,0.2897617,0,0.735,0
0,0,0,0,1.412,0.4896978,0.1632062,0,0.94,0
0,2,2,0,0.456,0.3369535,0.3434783,0,0.205,0
0,0,0,0,0.064,0.2797365,0.2626243,0,2.13,0
0,3,3,0,0.039,0.3099832,0.3571633,0,1.916,0
0,2,2,0,1.203,0.2504602,0.1243268,0,1.33,0
0,0,0,0,0.307,0.0888422,0.065665,0,1.54,0
0,0,0,0,1.234,0.2818581,0.0808481,0,1.44,0
0,0,0,0,0.305,0.1342424,0.079619,0,0.758,0
0,0,0,0,0.064,0.2806505,0.2638783,0,1.1,0
0,1,0,0,0.031,0.3062328,0.3406039,1,0.02,0
0,0,0,0,1.232,0.3170156,0.1759923,0,0.31,0
0,0,0,0,1.215,0.294237,0.1703782,0,1.43,0
0,0,0,0,0.035,0.2553969,0.2546974,0,2.345,0
0,1,0,0,0.064,0.2792849,0.2620041,0,1.935,1
0,0,0,0,0.451,0.3304914,0.3436728,0,2.022,0
0,0,0,0,0.028,0.299864,0.2859544,0,2.347,0
0,2,2,0,0.453,0.3152781,0.3070525,0,1.8,0
0,0,0,0,1.203,0.2564154,0.1262037,0,1.258,0
0,0,0,0,1.232,0.3189767,0.1758812,0,2.355,0
0,0,0,0,0.454,0.3253255,0.3112012,0,0.62,0
0,0,0,0,1.69,0.4743162,0.1091466,0,0.8,0
0,0,0,0,0.024,0.2812762,0.2962577,0,1.045,0
0,0,0,0,1.234,0.2899107,0.084825,0,1.24,0
0,1,1,0,1.232,0.3308619,0.1776732,0,0.13,0
0,0,0,0,1.384,0.3865074,0.2014852,0,0.935,0
0,0,0,0,1.22,0.3003058,0.1846535,0,1.856,0
0,0,0,0,0.018,0.2556942,0.2611804,0,2.051,0
0,0,0,0,0.45,0.3195671,0.3266086,0,0.104,0
0,0,0,0,1.69,0.4878134,0.0940303,0,1.6,0
0,0,0,0,0.456,0.342451,0.3436273,0,0.84,0
0,0,0,0,1.384,0.3478637,0.1975556,0,0.32,0
0,0,0,0,0.127,0.2876218,0.2803195,0,1.33,0
0,0,0,0,0.451,0.313141,0.3386922,0,0.305,0
0,0,0,0,1.219,0.2254616,0.1448872,0,1.135,0
0,4,4,0,1.432,0.451955,0.1918957,0,1.5,0
0,0,0,0,0.304,0.1728029,0.1032868,0,2.05,0
0,0,0,0,0.016,0.2705366,0.2500121,0,1.43,0
0,2,2,0,0.016,0.2751827,0.2521325,0,0.23,0
0,0,0,0,0.039,0.3147186,0.3503233,0,1.445,0
0,1,1,0,0.033,0.3247357,0.3625799,0,2.05,0
0,0,0,0,0.309,0.1298452,0.1321475,0,0.73,0
0,0,0,0,0.015,0.2668641,0.2449681,0,2.245,0
0,0,0,0,0.015,0.2673047,0.2455718,0,2.245,0
0,1,1,0,0.015,0.262744,0.249108,0,0.707,0
0,1,1,0,1.212,0.3062017,0.1777693,0,2.345,0
0,1,1,0,0.001,0.2489032,0.2188625,0,2.32,0
0,0,0,0,1.232,0.324386,0.1829233,0,1.7,0
0,0,0,0,0.032,0.3089498,0.3469289,0,0.434,0
0,0,0,0,0.451,0.3263548,0.3422569,0,1.92,0
0,0,0,0,0.455,0.3269815,0.3348814,0,1.83,0
0,0,0,0,1.232,0.3155592,0.1826603,0,0.635,0
0,0,0,0,0.033,0.3174165,0.3642564,0,1.94,0
0,0,0,0,0.456,0.3364153,0.338659,0,2.115,0
0,0,0,0,0.027,0.279496,0.2778357,0,1.32,0
0,0,0,0,0.024,0.2683392,0.2967774,0,0.555,0
0,0,0,0,0.455,0.3281186,0.3311533,0,1.2,0
0,0,0,0,1.213,0.2391565,0.1061484,0,1.225,0
0,0,0,0,0.451,0.3165361,0.3336645,0,1.73,0
0,0,0,0,0.3,0.1528965,0.1291813,0,1.548,0
0,1,1,0,0.015,0.267756,0.2461866,0,1.456,0
0,0,0,0,0.01,0.2417351,0.231818,0,1.003,0
0,0,0,0,0.021,0.2774763,0.2552718,0,2.355,0
0,0,0,0,1.237,0.2801213,0.1785933,0,0.054,0
0,1,1,0,0.02,0.280557,0.2706276,0,1.148,0
0,2,2,0,1.217,0.2555067,0.139516,0,0.12,0
0,1,1,0,1.225,0.2824235,0.1403605,0,1.511,0
0,0,0,0,1.414,0.4068201,0.2059868,0,0.4,0
0,0,0,0,1.353,0.405776,0.2624781,0,1.15,0
0,0,0,0,0.02,0.276864,0.2713534,0,1.245,0
0,4,4,0,1.422,0.4859122,0.2151894,0,1.6,0
0,0,0,0,0.305,0.1263485,0.0603373,0,1.1,0
0,0,0,0,0.023,0.2686539,0.2891333,0,1.045,0
0,0,0,0,1.228,0.3020736,0.1060228,0,0.805,0
0,3,3,0,1.366,0.421152,0.2227935,0,1.2,0
0,1,1,0,0.468,0.3954318,0.3759235,0,1.323,0
0,0,0,0,1.2,0.2484829,0.2004561,0,2.128,0
0,3,3,0,0.021,0.2774858,0.2594905,0,1.4,0
0,0,0,0,1.212,0.305941,0.1766056,0,2.04,0
0,0,0,0,0.452,0.3196732,0.3493759,0,1,0
0,0,0,0,1.237,0.2832323,0.177939,0,0.609,0
0,0,0,0,0.304,0.1655393,0.0937139,0,1.6,0
0,0,0,0,0.127,0.2885399,0.2815734,0,1.3,0
0,1,1,0,1.22,0.3059212,0.1860504,0,0.1,0
0,0,0,0,1.202,0.3108979,0.1555009,0,1.64,0
0,0,0,0,1.207,0.360764,0.1633925,0,1.542,0
0,2,2,0,1.203,0.2516193,0.118022,0,0.428,0
0,1,1,0,1.233,0.3197132,0.1274188,0,2.03,0
0,0,0,0,0.305,0.1297965,0.0730986,0,1.25,0
0,0,0,0,0.127,0.291918,0.2793268,0,2.1,0
0,0,0,0,0.307,0.0946973,0.0399016,0,1.615,0
0,1,1,0,0.008,0.2602993,0.2315091,0,0.925,0
0,2,2,0,0.015,0.2668641,0.2449681,0,0.905,0
0,0,0,0,1.208,0.2107408,0.1223522,0,0.925,0
0,3,3,0,1.231,0.2338825,0.1498397,0,1.33,0
0,1,1,0,1.248,0.2807674,0.1983747,0,0.63,0
0,0,0,0,1.236,0.3239814,0.1998671,0,1.1,0
0,0,0,0,1.421,0.5132559,0.1691147,0,1.907,0
0,1,1,0,1.36,0.4833182,0.2608842,0,1.52,0
0,0,0,0,0.455,0.3360667,0.3222267,0,0.255,0
0,3,3,0,0.459,0.3590129,0.3401863,0,0.25,0
0,0,0,0,1.203,0.2654411,0.1096758,0,0.4,0
0,0,0,0,1.422,0.4686546,0.2088102,0,0.71,0
0,0,0,0,0.305,0.1132281,0.0652009,0,0.9,0
0,0,0,0,0.304,0.1477764,0.0836355,0,1.4,0
0,0,0,0,0.027,0.2804319,0.2791199,0,1.411,0
0,2,0,0,0.023,0.2647076,0.2916126,2,1.2,0
0,0,0,0,0.305,0.1326891,0.0785004,0,1.405,0
0,0,0,0,0.015,0.2659593,0.2477762,0,1.05,0
0,0,0,0,1.213,0.2389876,0.0990942,0,1.458,0
0,2,2,0,1.213,0.2479904,0.1008398,0,0.059,0
0,1,1,0,1.203,0.2528641,0.1090052,0,1.7,0
0,0,0,0,1.203,0.2610947,0.1122924,0,1.426,0
0,2,2,0,1.432,0.4497676,0.1889023,0,1.515,0
0,0,0,0,0.017,0.2543098,0.2510497,0,1.55,0
0,0,0,0,0.015,0.2664582,0.2401649,0,1.327,0
0,0,0,0,0.305,0.1331665,0.070475,0,1.655,0
0,0,0,0,1.203,0.2478329,0.1110642,0,1.522,0
0,0,0,0,1.212,0.3053945,0.1706635,0,0.64,0
0,1,1,0,1.233,0.3203618,0.1122424,0,1.355,0
0,0,0,0,1.237,0.2804534,0.1793535,0,0.635,0
0,1,1,0,0.064,0.2706156,0.2656598,0,1.21,0
0,2,2,0,1.215,0.285012,0.1702448,0,1.316,0
0,0,0,0,0.002,0.253681,0.2268658,0,1.8,0
0,1,1,0,0.456,0.3382234,0.3418935,0,1.82,0
0,0,0,0,0.307,0.0802954,0.0561151,0,1.345,0
0,0,0,0,0.305,0.135212,0.0585727,0,2.315,0
0,0,0,0,0.02,0.2858002,0.2666926,0,2.015,0
0,0,0,0,1.236,0.3172128,0.2037144,0,1.325,0
0,0,0,0,0.304,0.1466317,0.0886109,0,2.13,0
0,1,1,0,0.02,0.2758668,0.2699896,0,1.955,0
0,0,0,0,1.42,0.3890281,0.1964481,0,0.101,0
0,0,0,0,1.425,0.5214146,0.224364,0,0.71,0
0,1,1,0,0.307,0.0917905,0.0365904,0,1.83,0
0,0,0,0,0.033,0.3137405,0.3650904,0,2.2,0
0,0,0,0,1.213,0.2484366,0.0977793,0,1.9,0
0,2,2,0,0.064,0.2792849,0.2620041,0,1,0
0,0,0,0,1.206,0.3353774,0.1840183,0,0.94,0
0,0,0,0,0.021,0.2756414,0.2527692,0,1.52,0
0,0,0,0,0.127,0.2951719,0.2754937,0,1.1,0
0,1,1,0,1.237,0.2778998,0.1774056,0,1.85,0
0,0,0,0,1.434,0.4338741,0.2006556,0,1.635,0
0,1,1,0,1.206,0.356876,0.1599189,0,0.8,0
0,0,0,0,1.376,0.3459488,0.2391625,0,2,0
0,0,0,0,0.01,0.2392776,0.2386414,0,0.001,0
0,0,0,0,1.213,0.2431431,0.0961573,0,1.309,0
0,0,0,0,1.377,0.342822,0.2237782,0,1.74,0
0,0,0,0,0.305,0.1220148,0.0747047,0,1.4,0
0,0,0,0,0.305,0.1416083,0.0866551,0,1,0
0,0,0,0,1.215,0.2869699,0.1868664,0,1.647,0
0,0,0,0,0.305,0.1303168,0.0676534,0,1.415,0
0,2,2,0,1.374,0.3944559,0.2107495,0,1.53,0
0,0,0,0,1.371,0.356188,0.2505792,0,0.6,0
0,0,0,0,1.371,0.3567618,0.2526207,0,0.51,0
0,2,2,0,0.012,0.2296317,0.2192079,0,2.355,0
0,0,0,0,0.474,0.4192223,0.3598301,0,0.825,0
0,0,0,0,1.233,0.3347023,0.1161376,0,1.84,0
0,0,0,0,1.233,0.3275858,0.1169117,0,1.535,0
0,0,0,0,1.209,0.302445,0.1263478,0,2.35,0
0,0,0,0,0.013,0.2365323,0.2277446,0,1.55,0
0,0,0,0,0.038,0.3054944,0.3243199,0,2.22,0
0,0,0,0,0.452,0.3233913,0.3483304,0,0.742,0
0,0,0,0,0.462,0.3334217,0.3745731,0,0.555,0
0,0,0,0,1.233,0.3150928,0.1257119,0,1.145,0
0,0,0,0,1.202,0.3114788,0.1595463,0,1.73,0
0,0,0,0,0.021,0.2728643,0.2572192,0,0.025,0
0,0,0,0,1.367,0.3851375,0.2520811,0,1.1,0
0,0,0,0,1.376,0.3438913,0.2552952,0,2,0
0,4,4,0,1.206,0.3354246,0.1816907,0,0.106,0
0,1,1,0,0.001,0.2627368,0.214557,0,2.23,0
0,0,0,0,1.21,0.2902086,0.2126878,0,0.3,0
0,0,0,0,1.427,0.4867902,0.2155663,0,1.925,0
0,0,0,0,1.223,0.2655886,0.0787172,0,0.15,0
0,2,2,0,0.026,0.2934748,0.3078631,0,0.505,0
0,0,0,0,0.311,0.0685881,0.0368926,0,1.23,0
0,0,0,0,1.219,0.2239854,0.1403251,0,1.1,0
0,0,0,0,0.064,0.2715186,0.266914,0,0.725,0
0,1,1,0,0.064,0.2763552,0.2648733,0,0.75,0
0,1,1,0,1.234,0.2937274,0.0806759,0,1.948,0
0,2,2,0,1.417,0.4276186,0.1974765,0,0.85,0
0,0,0,0,0.025,0.2874075,0.2995491,0,0.817,0
0,0,0,0,1.363,0.4781906,0.2380639,0,1.4,0
0,0,0,0,0.456,0.3387476,0.3395162,0,0.359,0
0,0,0,0,0.024,0.2775127,0.2961958,0,0.81,0
0,0,0,0,0.453,0.3194137,0.303586,0,1.025,0
0,1,1,0,0.064,0.2759,0.2642476,0,1.426,0
0,0,0,0,0.015,0.2613973,0.2472555,0,1.42,0
0,0,0,0,1.217,0.2686049,0.1315099,0,0.9,0
0,0,0,0,1.416,0.3986188,0.1710408,0,2.3,0
0,1,1,0,1.1,0.2939642,0.2455601,0,1.945,0
0,0,0,0,1.205,0.2946707,0.1990142,0,1.305,0
0,4,4,0,0,0.2511767,0.2498808,0,1.32,0
0,1,1,0,0.021,0.2698931,0.256015,0,2.22,0
0,0,0,0,1.213,0.2552538,0.0825478,0,1.334,0
0,0,0,0,1.248,0.2811906,0.2005457,0,0.7,0
0,0,0,0,0.127,0.2970766,0.2821378,0,1.445,0
0,0,0,0,1.364,0.4434789,0.2354181,0,0.106,0
0,2,2,0,0.018,0.2598103,0.26435,0,1.845,0
0,1,1,0,1.21,0.2780556,0.2053692,0,2.13,0
0,0,0,0,0.463,0.4235664,0.3580283,0,1.605,0
0,1,1,0,0.064,0.2801917,0.2632554,0,1.7,0
0,2,2,0,0.034,0.3045179,0.2965686,0,2.115,0
0,2,2,0,0.018,0.2575178,0.2636807,0,0.418,0
0,0,0,0,0.016,0.2632333,0.2555443,0,1.93,0
0,0,0,0,0.016,0.2636847,0.2561755,0,2.1,0
0,2,2,0,0.018,0.2474538,0.2703541,0,1.536,0
0,0,0,0,0.018,0.2631991,0.2612863,0,0.915,0
0,3,3,0,0.018,0.262724,0.2657658,0,1.242,0
0,1,1,0,0.018,0.2450382,0.2656689,0,0.815,0
0,0,0,0,0.035,0.2501167,0.2586201,0,1.022,0
0,0,0,0,0.018,0.2537354,0.268682,0,1.4,0
0,0,0,0,0.021,0.2698931,0.256015,0,2.11,0
0,0,0,0,0.02,0.2830846,0.2712224,0,1.13,0
0,0,0,0,0.021,0.2802795,0.259119,0,1.43,0
0,0,0,0,0.064,0.2825592,0.2622555,0,0.91,0
0,0,0,0,0.027,0.291463,0.2744524,0,1.738,0
0,0,0,0,0.027,0.2886326,0.2748131,0,2.235,0
0,0,0,0,0.074,0.2908673,0.2695999,0,1.55,0
0,0,0,0,0.027,0.2843295,0.2758001,0,0.63,0
0,3,3,0,0.127,0.2960864,0.2767504,0,1.3,0
0,0,0,0,0.021,0.2774858,0.2594905,0,1.95,0
0,0,0,0,0.02,0.2839348,0.268373,0,1.83,0
0,0,0,0,0.064,0.2783984,0.2648013,0,0.83,0
0,0,0,0,0.021,0.2774858,0.2594905,0,1.32,0
0,0,0,0,0.064,0.2751934,0.2661801,0,1.645,0
0,0,0,0,0.027,0.2941779,0.2741355,0,0.74,0
0,0,0,0,0.02,0.2800909,0.2699965,0,0.02,0
0,0,0,0,0.074,0.2812886,0.2745304,0,1.605,0
0,0,0,0,0.02,0.2826184,0.2705858,0,1.745,0
0,1,1,0,0.127,0.2919753,0.2834055,0,0.43,0
0,0,0,0,0.027,0.2822534,0.2758476,0,1.31,0
0,0,0,0,0.064,0.2777244,0.2667502,0,2.13,0
0,1,1,0,0.064,0.2765885,0.2623206,0,1.215,0
0,0,0,0,0.027,0.2900566,0.276764,0,1.925,0
0,0,0,0,0.064,0.2792849,0.2620041,0,1.33,0
0,1,0,0,0.02,0.2781832,0.2673759,1,1.65,0
0,2,2,0,0.064,0.2848148,0.2613077,0,1,0
0,1,1,0,0.064,0.2754412,0.2636219,0,1.02,0
0,2,2,0,0.02,0.2798613,0.2725794,0,1.44,0
0,0,0,0,0.127,0.291918,0.2793268,0,1.315,0
0,0,0,0,0.027,0.2873163,0.2770287,0,1.645,0
0,1,1,0,0.027,0.2827087,0.2764814,0,1.745,0
0,0,0,0,0.064,0.2807311,0.2597474,0,1.915,0
0,0,0,0,0.127,0.2867075,0.2790627,0,1.225,0
0,0,0,0,0.027,0.28249,0.2790643,0,1.2,0
0,0,0,0,0.064,0.2783984,0.2648013,0,1.63,0
0,2,2,0,0.027,0.28249,0.2790643,0,0.412,0
0,0,0,0,0.027,0.2895615,0.2760836,0,1.02,0
0,0,0,0,0.02,0.2824823,0.2663836,0,0.72,0
0,0,0,0,0.02,0.2862988,0.2673758,0,2.245,0
0,0,0,0,0.021,0.2802795,0.259119,0,1.02,0
0,0,0,0,0.127,0.2850903,0.2797441,0,1.226,0
0,0,0,0,0.02,0.2829376,0.2670093,0,0.446,0
0,0,0,0,0.064,0.2792849,0.2620041,0,1.8,0
0,0,0,0,0.127,0.2867075,0.2790627,0,0.452,0
0,0,0,0,0.064,0.2783745,0.2607473,0,0.6,0
0,0,0,0,0.064,0.2812008,0.2603758,0,2.214,0
0,0,0,0,0.021,0.2740721,0.2617422,0,0.645,0
0,0,0,0,0.02,0.2848599,0.2696435,0,1.635,0
0,0,0,0,0.127,0.2933787,0.2770728,0,0.942,0
0,0,0,0,0.064,0.2815682,0.2651296,0,0.65,0
0,0,0,0,0.02,0.2890135,0.2670591,0,0.947,0
0,0,0,0,0.02,0.2867614,0.2680097,0,0.419,0
0,0,0,0,0.127,0.2843946,0.2816793,0,1.12,0
0,0,0,0,0.064,0.283018,0.2628811,0,1.33,0
0,0,0,0,0.127,0.2951719,0.2754937,0,1.45,0
0,0,0,0,0.127,0.2947303,0.283127,0,2,0
0,2,2,0,0.127,0.2938341,0.2776956,0,1.004,0
0,2,2,0,0.02,0.2802518,0.2673203,0,1.44,0
0,0,0,0,0.064,0.2719738,0.2675369,0,1.95,0
0,0,0,0,0.02,0.2763654,0.2706729,0,1.3,0
0,1,0,0,0.074,0.2881526,0.269914,1,1.53,0
0,0,0,0,0.02,0.2875536,0.265056,0,0.815,0
0,1,0,0,0.064,0.282104,0.2616299,0,1.7,1
0,0,0,0,0.127,0.2933787,0.2770728,0,1.614,0
0,0,0,0,0.027,0.28249,0.2790643,0,1.245,0
0,2,2,0,0.027,0.2946767,0.2748187,0,2.241,0
0,0,0,0,0.021,0.2779157,0.2601244,0,0.851,0
0,0,0,0,0.021,0.2752158,0.2604408,0,1.83,0
0,0,0,0,0.027,0.291463,0.2744524,0,1.5,0
0,0,0,0,0.127,0.2864636,0.2816264,0,1.4,0
0,0,0,0,0.127,0.2876218,0.2803195,0,1.42,0
0,0,0,0,0.027,0.2924281,0.2757667,0,1.515,0
0,0,0,0,0.02,0.2757238,0.272663,0,1.645,0
0,2,2,0,0.032,0.3094637,0.3476257,0,0.84,0
0,1,1,0,0.064,0.2825592,0.2622555,0,1.83,0
0,1,1,0,0.064,0.2843595,0.2606794,0,0.936,0
0,0,0,0,0.127,0.2956704,0.2802062,0,1.642,0
0,0,0,0,0.027,0.2895615,0.2760836,0,1.405,0
0,1,1,0,0.02,0.2774803,0.2693139,0,0.94,0
0,0,0,0,0.02,0.2848599,0.2696435,0,1.73,0
0,1,1,0,0.064,0.2825592,0.2622555,0,1.73,0
0,0,0,0,0.02,0.2779752,0.2699945,0,0.923,0
0,0,0,0,0.127,0.2867075,0.2790627,0,0.843,0
0,0,0,0,0.064,0.2710707,0.2662828,0,1.43,0
0,0,0,0,0.064,0.2815682,0.2651296,0,2.255,0
0,0,0,0,0.022,0.2564311,0.2799681,0,1.1,0
0,0,0,0,0.022,0.2607355,0.2806399,0,1.121,0
0,0,0,0,0.022,0.259644,0.2768633,0,1.145,0
0,0,0,0,0.022,0.2639698,0.2776201,0,1.1,0
0,0,0,0,0.023,0.2686663,0.284061,0,1.32,0
0,1,0,0,0.028,0.2869844,0.2880955,0,1.245,1
0,0,0,0,0.028,0.2906674,0.2873694,0,0.2,0
0,2,2,0,0.028,0.3017333,0.2885143,0,1.31,0
0,0,0,0,0.028,0.3058881,0.2942018,0,1.54,0
0,0,0,0,0.028,0.2961651,0.2891428,0,1.93,0
0,0,0,0,0.024,0.2719278,0.2936256,0,0.1,0
0,0,0,0,0.023,0.2686539,0.2891333,0,1.939,0
0,0,0,0,0.024,0.2779384,0.3018608,0,1.652,0
0,0,0,0,0.024,0.2698749,0.2985941,0,0.745,0
0,0,0,0,0.034,0.3034286,0.3019625,0,1.3,0
0,3,3,0,0.026,0.2835053,0.3145807,0,2.35,0
0,1,1,0,0.024,0.2819745,0.3043242,0,0.339,0
0,0,0,0,0.026,0.2965602,0.3040273,0,2.3,0
0,0,0,0,0.03,0.2899495,0.3233997,0,0.82,0
0,0,0,0,0.038,0.3008285,0.3230214,0,1.644,0
0,1,1,0,0.036,0.3032611,0.3161721,0,1.915,0
0,2,2,0,0.031,0.3011605,0.3387567,0,1.445,0
0,0,0,0,0.031,0.2935086,0.3327522,0,0.115,0
0,0,0,0,0.039,0.3141738,0.3579018,0,1.93,0
0,0,0,0,0.001,0.2484414,0.2179595,0,0.61,0
0,0,0,0,0.039,0.3117744,0.362314,0,0.01,0
0,1,1,0,0.032,0.3067157,0.3503254,0,1.04,0
0,0,0,0,0.033,0.3233306,0.3606623,0,1.53,0
0,1,1,0,0.032,0.3104058,0.3463187,0,1.95,0
0,0,0,0,0.032,0.3076067,0.3520897,0,2.1,0
0,0,0,0,0.033,0.3232412,0.3673732,0,0.65,0
0,2,2,0,0.032,0.3080956,0.3530583,0,0.44,0
0,0,0,0,0.453,0.3335947,0.3060431,0,0.938,0
0,0,0,0,0.454,0.3288467,0.3131583,0,1.122,0
0,0,0,0,0.453,0.3229792,0.3037949,0,1.005,0
0,0,0,0,0.454,0.3311871,0.3181135,0,2.034,0
0,0,0,0,0.453,0.3266019,0.3092762,0,1.254,0
0,3,3,0,0.453,0.334262,0.3079501,0,1.7,0
0,0,0,0,0.454,0.3250382,0.3154475,0,1.618,0
0,3,3,0,0.455,0.3376919,0.319187,0,0.823,0
0,2,2,0,0.458,0.3453279,0.3319378,0,1.51,0
0,2,1,0,0.455,0.3359584,0.3299477,1,0.75,0
0,0,0,0,1.207,0.3737427,0.1900741,0,1.025,0
0,1,1,0,0.455,0.3330905,0.3229565,0,1.25,0
0,2,2,0,0.472,0.3961688,0.3211546,0,0.6,0
0,0,0,0,0.471,0.3735756,0.3263153,0,2.115,0
0,2,2,0,0.461,0.3965507,0.3330799,0,0.2,0
0,0,0,0,0.459,0.3754377,0.3394823,0,0.7,0
0,0,0,0,0.461,0.3840675,0.3324482,0,1.44,0
0,0,0,0,0.001,0.2531606,0.2218237,0,0.74,0
0,1,0,0,0.461,0.3904199,0.3322563,1,1.158,0
0,1,1,0,0.471,0.3773056,0.326816,0,1.32,0
0,0,0,0,0.455,0.3219389,0.3308366,0,1.905,0
0,1,1,0,0.45,0.3191216,0.3257388,0,2.34,0
0,3,3,0,0.451,0.3267109,0.3381149,0,0.83,0
0,1,1,0,0.451,0.3156619,0.3339423,0,1.62,0
0,0,0,0,0.45,0.3143205,0.32,0,2.226,0
0,4,4,0,0.455,0.3259303,0.3352829,0,1.735,0
0,0,0,0,0.455,0.3280294,0.3376116,0,0.721,0
0,0,0,0,0.012,0.242489,0.2164391,0,1.725,0
0,0,0,0,0.451,0.3178046,0.3400232,0,1.321,0
0,1,1,0,0.011,0.2491959,0.2230263,0,1.008,0
0,0,0,0,0.011,0.2477597,0.2192111,0,0.005,0
0,0,0,0,0.467,0.3418448,0.3563111,0,1.245,0
0,3,3,0,0.456,0.3333581,0.3441015,0,1.915,0
0,0,0,0,0.456,0.3424922,0.3493473,0,2.3,0
0,2,2,0,0.468,0.4043397,0.3721126,0,0.8,0
0,1,1,0,0.465,0.3919213,0.3874778,0,0.83,0
0,0,0,0,0.469,0.3617593,0.3941113,0,1.63,0
0,0,0,0,0.465,0.3830379,0.3836684,0,1.05,0
0,12,12,0,0.468,0.3985573,0.3779998,0,0.85,0
0,0,0,0,0.465,0.4041468,0.3819883,0,1.6,0
0,0,0,0,0.064,0.2829902,0.2588025,0,1.325,0
0,0,0,0,0.026,0.2962305,0.3116413,0,1.7,0
0,2,2,0,0.039,0.3049083,0.3539878,0,2.205,0
0,0,0,0,0.451,0.3270572,0.3432335,0,2.005,0
0,0,0,0,1.23,0.2394419,0.1846217,0,1.64,0
0,0,0,0,1.36,0.467573,0.2579326,0,1.05,0
0,2,2,0,0.467,0.3425878,0.3575703,0,1.73,0
0,0,0,0,0.035,0.2600068,0.2569118,0,1.845,0
0,0,0,0,1.206,0.3456758,0.1567044,0,0.715,0
